[1,0,0,[["cc.EffectAsset",["_name","shaders","techniques"],0]],[[0,0,1,2,4]],[[0,"eazax-avatar-circle-adjustable",[{"hash":4018159411,"record":null,"name":"eazax-avatar-circle-adjustable|vs|fs","glsl3":{"vert":"\nprecision highp float;\nuniform CCGlobal {\n  mat4 cc_matView;\n  mat4 cc_matViewInv;\n  mat4 cc_matProj;\n  mat4 cc_matProjInv;\n  mat4 cc_matViewProj;\n  mat4 cc_matViewProjInv;\n  vec4 cc_cameraPos;\n  vec4 cc_time;\n  mediump vec4 cc_screenSize;\n  mediump vec4 cc_screenScale;\n};\nin vec3 a_position;\nin vec2 a_uv0;\nin vec4 a_color;\nout vec2 v_uv0;\nout vec4 v_color;\nvoid main () {\n  gl_Position = cc_matViewProj * vec4(a_position, 1);\n  v_uv0 = a_uv0;\n  v_color = a_color;\n}","frag":"\nprecision highp float;\nin vec2 v_uv0;\nin vec4 v_color;\nuniform sampler2D texture;\nuniform Properties {\n  vec2 center;\n  float ratio;\n  float radius;\n  float feather;\n};\nvoid main () {\n  vec4 color = v_color;\n  color *= texture(texture, v_uv0);\n  if (color.a == 0.0) discard;\n  float dis = distance(vec2(v_uv0.x, v_uv0.y / ratio), vec2(center.x, center.y / ratio));\n  color.a = smoothstep(radius, radius - feather, dis);\n  color.a *= v_color.a;\n  gl_FragColor = color;\n}"},"glsl1":{"vert":"\nprecision highp float;\nuniform mat4 cc_matViewProj;\nattribute vec3 a_position;\nattribute vec2 a_uv0;\nattribute vec4 a_color;\nvarying vec2 v_uv0;\nvarying vec4 v_color;\nvoid main () {\n  gl_Position = cc_matViewProj * vec4(a_position, 1);\n  v_uv0 = a_uv0;\n  v_color = a_color;\n}","frag":"\nprecision highp float;\nvarying vec2 v_uv0;\nvarying vec4 v_color;\nuniform sampler2D texture;\nuniform vec2 center;\nuniform float ratio;\nuniform float radius;\nuniform float feather;\nvoid main () {\n  vec4 color = v_color;\n  color *= texture2D(texture, v_uv0);\n  if (color.a == 0.0) discard;\n  float dis = distance(vec2(v_uv0.x, v_uv0.y / ratio), vec2(center.x, center.y / ratio));\n  color.a = smoothstep(radius, radius - feather, dis);\n  color.a *= v_color.a;\n  gl_FragColor = color;\n}"},"builtins":{"globals":{"blocks":[{"name":"CCGlobal","defines":[]}],"samplers":[]},"locals":{"blocks":[],"samplers":[]}},"defines":[],"blocks":[{"name":"Properties","binding":0,"members":[{"name":"center","type":14,"count":1},{"name":"ratio","type":13,"count":1},{"name":"radius","type":13,"count":1},{"name":"feather","type":13,"count":1}],"defines":[]}],"samplers":[{"name":"texture","type":29,"count":1,"binding":30,"defines":[]}]}],[{"passes":[{"program":"eazax-avatar-circle-adjustable|vs|fs","blendState":{"targets":[{"blend":true}]},"rasterizerState":{"cullMode":0},"properties":{"ratio":{"type":13,"value":[0.5625],"editor":{"tooltip":"节点宽高比 (节点宽度 / 节点高度)，如 720 x 1280 的节点宽高比为 0.5625"}},"center":{"type":14,"value":[0.5,0.5],"editor":{"tooltip":"中心点 (左上角为原点)"}},"radius":{"type":13,"value":[0.5],"editor":{"tooltip":"半径 (目标宽度 / 节点宽度)"}},"feather":{"type":13,"value":[0.01],"editor":{"tooltip":"边缘虚化宽度"}}}}]}]]],0,0,[],[],[]]