[1,["ecpdLyjvZBwrvm+cedCcQy","42/h+HjHdPfKcrwFFVmyoy","17f33abb7","59fkC/cPBFN6gevZs2aSRd","6bzmv+kMxPGqjSzt1YgVOX","cedzeRziZKUq5yOP32C9Fh","baEkTI2WFB1LtJMrJU7t8M","bbxPsAoLJMv6UxeqplUEoU","88PD0A46tOFY40KweZCgce","24QNHZW51ItqGQGbDpzZv4","4c0CumGaVOPo4h4IbpZ1t3","e3hIumr8tD84WinJpiN9KD","20pV8utuNK9qeNSC1VKIaG","2ayXAw7SBKApJLrI8N/IzO","5fJQLElKFIzaErr7yOj7uP","55NNX3fsZMuLqGYpr9Xu3j","1ao/20TpRDe4NFMUnVxkEu"],["node","_spriteFrame","_textureSetter","root","data","_N$file"],[["cc.Node",["_name","_groupIndex","_prefab","_parent","_contentSize","_components","_children","_trs","_anchorPoint"],1,4,1,5,9,2,7,5],["c71bbuq+hlDp4ghKax9kTz7",["team","createStone","createMonstor","createRole","roleDirection","node"],-2,1],["cc.PrefabInfo",["fileId","root","asset"],2,1,1],["cc.Sprite",["_type","_sizeMode","node","_materials","_spriteFrame"],1,1,3,6],"cc.SpriteFrame",["cc.Prefab",["_name"],2],["656a83q3NZAO7UP9kI7pMAF",["node"],3,1],["d5076k7QgxLQ7HwC4BIAjz5",["node"],3,1],["cc.Camera",["_cullingMask","_depth","_nearClip","node"],0,1],["cc.Label",["_isSystemFontUsed","_N$horizontalAlign","_N$verticalAlign","node","_materials","_N$file"],0,1,3,6]],[[2,0,1,2,2],[3,2,3,4,1],[0,0,1,3,6,5,2,4,7,3],[0,0,3,5,2,4,7,2],[3,2,3,1],[1,5,1],[7,0,1],[0,0,1,3,5,2,4,7,3],[0,0,3,5,2,4,2],[0,0,1,3,5,2,4,3],[2,0,1,2],[1,0,1,5,3],[1,0,5,2],[1,2,5,2],[5,0,2],[0,0,1,6,2,4,8,3],[0,0,1,3,6,2,4,8,3],[0,0,3,6,2,2],[0,0,3,6,5,2,4,7,2],[0,0,1,3,5,2,7,3],[2,1,2,1],[3,0,1,2,3,4,3],[1,3,4,5,3],[6,0,1],[8,0,1,2,3,4],[9,0,1,2,3,4,5,4]],[[[{"name":"map_t5","rect":[3,928,62,60],"offset":[0,-3],"originalSize":[64,66],"capInsets":[0,0,0,0]}],[4],0,[0],[2],[2]],[[{"name":"map_t4","rect":[201,867,97,95],"offset":[0,-1.5],"originalSize":[97,98],"rotated":1,"capInsets":[0,0,0,0]}],[4],0,[0],[2],[2]],[[[14,"Map20"],[15,"Map",1,[-2,-3,-4],[20,-1,0],[5,1000,1000],[0,0,0]],[16,"gameNode",1,1,[-5,-6,-7,-8,-9,-10,-11,-12,-13,-14,-15,-16,-17,-18,-19,-20,-21,-22,-23,-24,-25],[0,"9bv4yo/ktJZIxrngrXxCsn",1,0],[5,1000,1000],[0,0,0]],[2,"ObjMove",1,2,[-28,-29,-30],[[4,-26,[29]],[11,3,true,-27]],[0,"1cGwK0L/ZP/b5R3ck7l3oO",1,0],[5,100,100],[250,250,0,0,0,0,1,1,1,1]],[2,"GameLevelNode",1,1,[-34],[[1,-32,[83],84],[23,-33]],[10,"34Jpwoi3dGpYnCXDeYHCrI",-31],[5,65,95],[577.789,453.219,0,0,0,0,1,1,1,1]],[2,"ObjMove",1,2,[-37,-38],[[4,-35,[14]],[11,1,true,-36]],[0,"f25ezID9FJPYFrs09t+/da",1,0],[5,100,100],[150,350,0,0,0,0,1,1,1,1]],[2,"ObjMove",1,2,[-41,-42],[[4,-39,[19]],[12,1,-40]],[0,"bfrmOYHx9K04k6T9+rCa2i",1,0],[5,100,100],[150,250,0,0,0,0,1,1,1,1]],[2,"ObjFixed",1,2,[-45,-46],[[4,-43,[34]],[13,true,-44]],[0,"bdSNfrGStIvpdetPU0XZrN",1,0],[5,100,100],[350,650,0,0,0,0,1,1,1,1]],[2,"ObjFixed",1,2,[-49,-50],[[4,-47,[57]],[13,true,-48]],[0,"1fPag6iL9AXqukANAAmj9G",1,0],[5,100,100],[450,250,0,0,0,0,1,1,1,1]],[2,"ObjFixed",1,2,[-53,-54],[[4,-51,[74]],[22,true,2,-52]],[0,"6eJUFuQxBAR6Ng19RKa6ou",1,0],[5,100,100],[50,450,0,0,0,0,1,1,1,1]],[17,"装饰物",2,[-55,-56,-57],[0,"9dJVw3hFRGQ7dWcxEUUg7U",1,0]],[2,"ObjMove",1,2,[-60],[[4,-58,[22]],[12,3,-59]],[0,"37exf+yDRCuJilHI0Mq4lP",1,0],[5,100,100],[250,350,0,0,0,0,1,1,1,1]],[2,"ObjFixed",1,2,[-63],[[4,-61,[37]],[5,-62]],[0,"2fjGwBJH1J76eWyR1g07ZO",1,0],[5,100,100],[250,650,0,0,0,0,1,1,1,1]],[2,"ObjFixed",1,2,[-66],[[4,-64,[40]],[5,-65]],[0,"a97uFGwENOoIycaDE/wbTM",1,0],[5,100,100],[50,150,0,0,0,0,1,1,1,1]],[2,"ObjFixed",1,2,[-69],[[4,-67,[43]],[5,-68]],[0,"8bnPskuhJJHYNdZFGXHDIu",1,0],[5,100,100],[150,50,0,0,0,0,1,1,1,1]],[2,"ObjFixed",1,2,[-72],[[4,-70,[46]],[5,-71]],[0,"d9H3cZ9xpPQqRxFOj8jEO5",1,0],[5,100,100],[250,150,0,0,0,0,1,1,1,1]],[2,"ObjFixed",1,2,[-75],[[4,-73,[49]],[5,-74]],[0,"acKTzHA/NKMpu+XP4o1aaw",1,0],[5,100,100],[250,50,0,0,0,0,1,1,1,1]],[2,"ObjFixed",1,2,[-78],[[4,-76,[52]],[5,-77]],[0,"calYiFW/5KOZ4V1bfvOYHJ",1,0],[5,100,100],[450,150,0,0,0,0,1,1,1,1]],[7,"敌人",1,8,[[1,-79,[55],56],[6,-80],[6,-81]],[0,"dcqPPgms5Gj6L7MmJq0zZU",1,0],[5,186,153],[0,0,0,0,0,0,1,0.5,0.5,1]],[2,"ObjFixed",1,2,[-84],[[4,-82,[60]],[5,-83]],[0,"d3i158MIBJiYOE4nhuBXKq",1,0],[5,100,100],[450,450,0,0,0,0,1,1,1,1]],[2,"ObjFixed",1,2,[-87],[[4,-85,[63]],[5,-86]],[0,"174JWhWwVLAYxDbF/GD9TR",1,0],[5,100,100],[250,550,0,0,0,0,1,1,1,1]],[2,"ObjFixed",1,2,[-90],[[4,-88,[66]],[5,-89]],[0,"0dhWuM5XJEb6bEftpU4DrL",1,0],[5,100,100],[350,450,0,0,0,0,1,1,1,1]],[2,"ObjFixed",1,2,[-93],[[4,-91,[69]],[5,-92]],[0,"67gyU49FRJNqjCYmPEAJtP",1,0],[5,100,100],[150,450,0,0,0,0,1,1,1,1]],[2,"ObjFixed",1,2,[-96],[[4,-94,[77]],[5,-95]],[0,"f26ziSt95FFJzCrA+3Y1SM",1,0],[5,100,100],[50,350,0,0,0,0,1,1,1,1]],[2,"ObjFixed",1,2,[-99],[[4,-97,[80]],[5,-98]],[0,"9eEmrq6t9AsISowBAgyaTc",1,0],[5,100,100],[450,150,0,0,0,0,1,1,1,1]],[18,"map_t4",10,[-101],[[1,-100,[6],7]],[0,"f7UrV3gjdBjajro5EuIeAt",1,0],[5,97,98],[600.194,109.855,0,0,0,0,1,1,1,1]],[9,"Stone",1,5,[[1,-102,[12],13],[6,-103]],[0,"43I9PM3ZRG+o7dWvYNLpXB",1,0],[5,79,79]],[9,"Stone",1,3,[[1,-104,[27],28],[6,-105]],[0,"b2RFV1uPVMBY3pJZ8TaKsh",1,0],[5,79,79]],[7,"敌人",1,7,[[1,-106,[32],33],[6,-107]],[0,"a9StjQLbNC9ZLdUH/98ncs",1,0],[5,186,153],[0,0,0,0,0,0,1,0.5,0.5,1]],[7,"DelObj",1,9,[[1,-108,[72],73],[6,-109]],[0,"feum0q+WVIj43mPR3Hs3y9",1,0],[5,182,205],[0,0,0,0,0,0,1,0.5,0.5,1]],[7,"map_bg",1,1,[[21,2,0,-110,[0],1]],[0,"bb6DJg1XBDMrUBDa2S2ORF",1,0],[5,1000,1000],[500,500,0,0,0,0,1,1,1,1]],[19,"GameCamera",1,2,[[24,-2,-1,0.1,-111]],[0,"e62B7A4AdDi7ck68FBHvqh",1,0],[1209,1209,554.25626,0,0,0,1,1,1,1]],[3,"map_t3",10,[[1,-112,[2],3]],[0,"c9GAHREoRME51GgVASejgH",1,0],[5,148,170],[-108.141,-19.649,0,0,0,0,1,1,1,1]],[3,"map_t5",25,[[1,-113,[4],5]],[0,"90Lk7Z+1JBqK1CyiEokYB0",1,0],[5,64,62],[57.474,-33.692,0,0,0,0,1,1,1,1]],[3,"map_t3",10,[[1,-114,[8],9]],[0,"dd8CALQ+ZLYI22Z7lzqOgD",1,0],[5,172,192],[583.734,713.111,0,0,0,0,1,1,1,1]],[8,"tileA",5,[[1,-115,[10],11]],[0,"1aH0mEP45Ch7Hqx0LI+GWW",1,0],[5,102,104]],[8,"tileA",6,[[1,-116,[15],16]],[0,"64+RvC6JVISYP58x9CJL9P",1,0],[5,102,104]],[3,"tileA1",6,[[1,-117,[17],18]],[0,"73SQWGzV5LCa5/b3v+38Au",1,0],[5,34,44],[-4,50,0,0,0,0,1,1,1,1]],[8,"tileB",11,[[1,-118,[20],21]],[0,"ddyw22gKJKF73VYPmTln9B",1,0],[5,102,104]],[8,"tileB",3,[[1,-119,[23],24]],[0,"dfRgI9ntZPDqHJXSadUi5h",1,0],[5,102,104]],[3,"tileB1",3,[[1,-120,[25],26]],[0,"c6N7DJYHRDI6tvVBqTNvLQ",1,0],[5,33,43],[-3,50,0,0,0,0,1,1,1,1]],[3,"titl1",7,[[1,-121,[30],31]],[0,"91BGhWa6FEyoEP3hWCMqyT",1,0],[5,108,132],[0,-12,0,0,0,0,1,1,1,1]],[3,"titl1",12,[[1,-122,[35],36]],[0,"f3/lI1/5RH8LOIrUcdR0aI",1,0],[5,108,132],[0,-12,0,0,0,0,1,1,1,1]],[3,"titl1",13,[[1,-123,[38],39]],[0,"18ym1w6thJMafz+6Sy0pVT",1,0],[5,108,132],[0,-12,0,0,0,0,1,1,1,1]],[3,"titl1",14,[[1,-124,[41],42]],[0,"5f66+1u7hObIFkf6huJATx",1,0],[5,108,132],[0,-12,0,0,0,0,1,1,1,1]],[3,"titl1",15,[[1,-125,[44],45]],[0,"14KZypAO1EVqbEVI7ezS2C",1,0],[5,108,132],[0,-12,0,0,0,0,1,1,1,1]],[3,"titl1",16,[[1,-126,[47],48]],[0,"f7U56NTfFF75Na3HmQ0uWN",1,0],[5,108,132],[0,-12,0,0,0,0,1,1,1,1]],[3,"titl1",17,[[1,-127,[50],51]],[0,"1dLkxWXUtHiZqVOTGAZ+zY",1,0],[5,108,132],[0,-12,0,0,0,0,1,1,1,1]],[3,"titl1",8,[[1,-128,[53],54]],[0,"10GpklEwNARaqzcZ+G4I25",1,0],[5,108,132],[0,-12,0,0,0,0,1,1,1,1]],[3,"titl1",19,[[1,-129,[58],59]],[0,"9aIPoxIJhHBIZmsHXKbXHL",1,0],[5,108,132],[0,-12,0,0,0,0,1,1,1,1]],[3,"titl1",20,[[1,-130,[61],62]],[0,"5aW8CbSydI/6LO3SSezS6k",1,0],[5,108,132],[0,-12,0,0,0,0,1,1,1,1]],[3,"titl1",21,[[1,-131,[64],65]],[0,"75JdtdvqRBIaX6Y7UFStP5",1,0],[5,108,132],[0,-12,0,0,0,0,1,1,1,1]],[3,"titl1",22,[[1,-132,[67],68]],[0,"3b8bfrn89OtKvRtSuLXSBy",1,0],[5,108,132],[0,-12,0,0,0,0,1,1,1,1]],[3,"titl1",9,[[1,-133,[70],71]],[0,"13YtvamUZEeI+wxe7z3PYb",1,0],[5,108,132],[0,-12,0,0,0,0,1,1,1,1]],[3,"titl1",23,[[1,-134,[75],76]],[0,"c6Bq+dM5JB+5lkyOe4tZgA",1,0],[5,108,132],[0,-12,0,0,0,0,1,1,1,1]],[3,"titl1",24,[[1,-135,[78],79]],[0,"d21D8u+d1ICpXhqKFl1BZB",1,0],[5,108,132],[0,-12,0,0,0,0,1,1,1,1]],[7,"t_game_level",1,4,[[25,false,1,1,-136,[81],82]],[10,"1b8zf/BMpHP46Zu/4OrOYb",4],[5,0,50.4],[0,24,0,0,0,0,1,1,1,1]]],0,[0,3,1,0,-1,30,0,-2,2,0,-3,4,0,-1,31,0,-2,10,0,-3,5,0,-4,6,0,-5,11,0,-6,3,0,-7,7,0,-8,12,0,-9,13,0,-10,14,0,-11,15,0,-12,16,0,-13,17,0,-14,8,0,-15,19,0,-16,20,0,-17,21,0,-18,22,0,-19,9,0,-20,23,0,-21,24,0,0,3,0,0,3,0,-1,39,0,-2,40,0,-3,27,0,3,4,0,0,4,0,0,4,0,-1,56,0,0,5,0,0,5,0,-1,35,0,-2,26,0,0,6,0,0,6,0,-1,36,0,-2,37,0,0,7,0,0,7,0,-1,41,0,-2,28,0,0,8,0,0,8,0,-1,48,0,-2,18,0,0,9,0,0,9,0,-1,53,0,-2,29,0,-1,32,0,-2,25,0,-3,34,0,0,11,0,0,11,0,-1,38,0,0,12,0,0,12,0,-1,42,0,0,13,0,0,13,0,-1,43,0,0,14,0,0,14,0,-1,44,0,0,15,0,0,15,0,-1,45,0,0,16,0,0,16,0,-1,46,0,0,17,0,0,17,0,-1,47,0,0,18,0,0,18,0,0,18,0,0,19,0,0,19,0,-1,49,0,0,20,0,0,20,0,-1,50,0,0,21,0,0,21,0,-1,51,0,0,22,0,0,22,0,-1,52,0,0,23,0,0,23,0,-1,54,0,0,24,0,0,24,0,-1,55,0,0,25,0,-1,33,0,0,26,0,0,26,0,0,27,0,0,27,0,0,28,0,0,28,0,0,29,0,0,29,0,0,30,0,0,31,0,0,32,0,0,33,0,0,34,0,0,35,0,0,36,0,0,37,0,0,38,0,0,39,0,0,40,0,0,41,0,0,42,0,0,43,0,0,44,0,0,45,0,0,46,0,0,47,0,0,48,0,0,49,0,0,50,0,0,51,0,0,52,0,0,53,0,0,54,0,0,55,0,0,56,0,4,1,136],[0,0,0,0,0,0,0,0,0,0,0,0,0,0,0,0,0,0,0,0,0,0,0,0,0,0,0,0,0,0,0,0,0,0,0,0,0,0,0,0,0,0,0,0,0,0,0,0,0,0,0,0,0,0,0,0,0,0,0,0,0,0,0,0,0,0,0,0,0,0,0,0,0,0,0,0,0,0,0,0,0,0,0,0,0],[-1,1,-1,1,-1,1,-1,1,-1,1,-1,1,-1,1,-1,-1,1,-1,1,-1,-1,1,-1,-1,1,-1,1,-1,1,-1,-1,1,-1,1,-1,-1,1,-1,-1,1,-1,-1,1,-1,-1,1,-1,-1,1,-1,-1,1,-1,-1,1,-1,1,-1,-1,1,-1,-1,1,-1,-1,1,-1,-1,1,-1,-1,1,-1,1,-1,-1,1,-1,-1,1,-1,-1,5,-1,1],[0,7,0,8,0,9,0,10,0,11,0,3,0,4,0,0,3,0,12,0,0,5,0,0,5,0,13,0,4,0,0,1,0,6,0,0,1,0,0,1,0,0,1,0,0,1,0,0,1,0,0,1,0,0,1,0,6,0,0,1,0,0,1,0,0,1,0,0,1,0,0,1,0,14,0,0,1,0,0,1,0,0,15,0,16]]]]