[1,["1b669b05e","ecpdLyjvZBwrvm+cedCcQy","a2nWStYapDO6ElGzQCHXO6","23fWUU5jZH46jFLFg6WeEu"],["_textureSetter","node","_spriteFrame","root","data","_parent"],[["cc.Node",["_name","_groupIndex","_prefab","_parent","_children","_components","_contentSize","_anchorPoint","_trs"],1,4,1,2,9,5,5,7],"cc.SpriteFrame",["cc.PrefabInfo",["fileId","root","asset"],2,1,1],["cc.Sprite",["_type","node","_materials","_spriteFrame"],2,1,3,6],["cc.Prefab",["_name"],2]],[[2,0,1,2,2],[0,0,1,4,2,3],[4,0,2],[0,0,3,4,2,2],[0,0,1,3,5,2,6,7,3],[0,0,3,5,2,6,8,2],[2,1,2,1],[3,0,1,2,3,2],[3,1,2,3,1]],[[[{"name":"r1_idle1","rect":[192,3,147,184],"offset":[1,-2.5],"originalSize":[165,191],"capInsets":[0,0,0,0]}],[1],0,[0],[0],[0]],[[[2,"Role6"],[1,"Role",1,[-2],[6,-1,0]],[1,"body",1,[-3,-4],[0,"c9D7Wrk0pOL6mq7L29p7Ok",1,0]],[3,"node",1,[2],[0,"33F3Azi0pPcIklahJI1zyl",1,0]],[4,"mouth",1,2,[[7,1,-5,[0],1]],[0,"9e+X4eN1tHZ62TmrS7yg6b",1,0],[5,93,123],[0,0,0.5]],[5,"animNode",2,[[8,-6,[2],3]],[0,"73wLiJQKxHVrgFPuh1D7bi",1,0],[5,150,185],[0,0,0,0,0,0,1,0.6,0.6,1]]],0,[0,3,1,0,-1,3,0,-1,4,0,-2,5,0,1,4,0,1,5,0,4,1,2,5,3,6],[0,0,0,0],[-1,2,-1,2],[1,2,1,3]],[[{"name":"w1_1","rect":[489,690,93,123],"offset":[0,0],"originalSize":[93,123],"rotated":1,"capInsets":[10,0,70,0]}],[1],0,[0],[0],[0]]]]