[1,["ecpdLyjvZBwrvm+cedCcQy","1186f3ee1","78TsTqI71McLb2vn/5ryL9","0bATDwTmdC2YxQY6a/Qixq"],["node","_spriteFrame","_textureSetter","root","data","_parent"],[["cc.Node",["_name","_groupIndex","_prefab","_parent","_children","_components","_contentSize","_anchorPoint","_trs"],1,4,1,2,9,5,5,7],["cc.PrefabInfo",["fileId","root","asset"],2,1,1],["cc.Sprite",["_type","_sizeMode","node","_materials","_spriteFrame"],1,1,3,6],"cc.SpriteFrame",["cc.Prefab",["_name"],2]],[[1,0,1,2,2],[0,0,1,4,2,3],[4,0,2],[0,0,3,4,2,2],[0,0,1,3,5,2,6,7,3],[0,0,3,5,2,6,8,2],[1,1,2,1],[2,0,1,2,3,4,3],[2,2,3,4,1]],[[[{"name":"r2_idle1","rect":[442,302,135,150],"offset":[-1,-2.5],"originalSize":[157,175],"capInsets":[0,0,0,0]}],[3],0,[0],[2],[1]],[[[2,"Role7"],[1,"Role",1,[-2],[6,-1,0]],[1,"body",1,[-3,-4],[0,"c9D7Wrk0pOL6mq7L29p7Ok",1,0]],[3,"node",1,[2],[0,"33F3Azi0pPcIklahJI1zyl",1,0]],[4,"mouth",1,2,[[7,1,0,-5,[0],1]],[0,"9e+X4eN1tHZ62TmrS7yg6b",1,0],[5,30,37],[0,0,0.5]],[5,"animNode",2,[[8,-6,[2],3]],[0,"73wLiJQKxHVrgFPuh1D7bi",1,0],[5,135,151],[0,0,0,0,0,0,1,0.6,0.6,1]]],0,[0,3,1,0,-1,3,0,-1,4,0,-2,5,0,0,4,0,0,5,0,4,1,2,5,3,6],[0,0,0,0],[-1,1,-1,1],[0,2,0,3]]]]