[1,["ecpdLyjvZBwrvm+cedCcQy","42/h+HjHdPfKcrwFFVmyoy","13f126586","55NNX3fsZMuLqGYpr9Xu3j","14fvDxDb1JVb8qgyzo5B7p","26G/4FpWpIvKm8SRJtIbaO","70vzj+wUpDCYqBarNpfDPw","c4UiBFsvtEm6acFg81Lqqw","24pflR9xBFroyfTd19yxNW","68lQaW9WZDA6lnVqtV85Y+","08gQ9WVMFNk7hf1lwyxPnn","6bzmv+kMxPGqjSzt1YgVOX","5fJQLElKFIzaErr7yOj7uP","a7PY1CqcxGYLqOnVdxE3pB","03K0SwRChPqLzLyPOw0/Xr","4aPZh9vsZOsqL/9M8/nFz5","18ycMv8fdI/L0lfThLIySa","13DO2SHelMLLpY3aSfMUEA","9dipk1MjJM2I/DMx4S+cWt","acywQ8tk1KHYVl/UR7yQmO","64MpYmTv5IW5DNOg9wBhVe","58PDKYzXVNEKHiUEASW0Yv","826uT62e1E+aQqQkJ1R1sO","3a0RIegvZNdLFcXPnNL929","77rRGcvfdDxLswK5qRrZ0W","46FWiU0d1Nj5hhcpBqTO3m","54vC5F5BhLG65EflQBKpvv","58WSKjpTtASLJBpPs0KjiE"],["node","_spriteFrame","root","_textureSetter","_N$file","_parent","data","_defaultClip","MoreGameLayer"],[["cc.Node",["_name","_objFlags","_active","_prefab","_contentSize","_parent","_components","_trs","_children","_anchorPoint"],0,4,5,1,9,7,2,5],"cc.SpriteFrame",["cc.Sprite",["_sizeMode","_type","_enabled","node","_materials","_spriteFrame"],0,1,3,6],["cc.Widget",["_alignFlags","_originalWidth","_originalHeight","_left","_right","_top","_bottom","node"],-4,1],["cc.PrefabInfo",["fileId","root","asset"],2,1,1],["cc.Button",["zoomScale","node"],2,1],["cc.LabelOutline",["_width","node","_color"],2,1,5],["cc.Prefab",["_name"],2],["cc.Animation",["playOnLoad","node","_clips","_defaultClip"],2,1,3,6],["68134te5KVPTIY4xwbCHdbz",["node","MoreGameLayer"],3,1,6],["2f7460fEFNKmJGhptcSIV+J",["node"],3,1],["7d41cKj6MpIRaC5YyA5LCRR",["node"],3,1],["cc.Label",["_string","_fontSize","_lineHeight","_isSystemFontUsed","_N$horizontalAlign","_N$verticalAlign","node","_materials","_N$file"],-3,1,3,6],["d25ebdljaZDormoU8BeRx0J",["color","node"],2,1],["b9c32V7BKZAHJWDsgbbSoif",["node"],3,1]],[[4,0,1,2,2],[2,3,4,5,1],[4,0,1,2],[0,0,5,6,3,4,7,2],[2,1,0,3,4,5,3],[0,0,5,6,3,4,9,7,2],[12,0,1,2,3,4,5,6,7,8,7],[0,0,5,8,6,3,4,7,2],[0,0,2,5,6,3,4,7,3],[0,0,5,6,3,4,2],[0,0,1,5,6,3,4,9,7,3],[5,1,1],[0,0,2,5,8,6,3,4,7,3],[5,0,1,2],[2,0,3,4,5,2],[6,0,1,2,2],[0,0,5,8,6,3,4,2],[0,0,5,8,3,7,2],[3,0,1,7,3],[14,0,1],[7,0,2],[0,0,8,3,4,2],[0,0,1,8,3,4,7,3],[0,0,5,8,3,4,2],[0,0,6,3,4,7,2],[0,0,1,5,6,3,4,3],[4,1,2,1],[8,0,1,2,3,2],[9,0,1,1],[10,0,1],[2,2,3,4,5,2],[3,0,1,2,7,4],[3,0,7,2],[3,0,3,4,5,6,1,2,7,8],[11,0,1],[6,1,2,1],[13,0,1,2]],[[[{"name":"ui16","rect":[534,137,29,46],"offset":[0,0],"originalSize":[29,46],"rotated":1,"capInsets":[7,0,15,0]}],[1],0,[0],[3],[2]],[[{"name":"ui刷新","rect":[497,442,81,96],"offset":[-3,3.5],"originalSize":[87,103],"capInsets":[0,0,0,0]}],[1],0,[0],[3],[2]],[[{"name":"ui_add","rect":[534,355,72,70],"offset":[1,1.5],"originalSize":[80,73],"rotated":1,"capInsets":[0,0,0,0]}],[1],0,[0],[3],[2]],[[{"name":"ui8","rect":[0,0,80,160],"offset":[0,0],"originalSize":[80,160],"capInsets":[24,1,24,0]}],[1],0,[0],[3],[8]],[[{"name":"btn1","rect":[3,137,280,103],"offset":[0,0],"originalSize":[280,103],"capInsets":[0,0,0,0]}],[1],0,[0],[3],[2]],[[{"name":"btn_rank","rect":[521,544,88,88],"offset":[0,0],"originalSize":[88,88],"capInsets":[0,0,0,0]}],[1],0,[0],[3],[2]],[[[20,"HomeLayer"],[21,"HomeLayer",[-2,-3,-4,-5,-6,-7,-8,-9],[26,-1,0],[5,750,1334]],[12,"MoreGameWXNode",false,1,[-14,-15,-16,-17,-18],[[27,true,-11,[73],72],[28,-12,74],[11,-13]],[2,"b04vIMdalOIZBJPFDWi+M+",-10],[5,120,120],[0,-150,0,0,0,0,1,1,1,1]],[22,"node",512,[-19,-20,-21,-22,-23,-24,-25,-26,-27],[0,"8281H4h0RM2pTzK1Lljf+9",1,0],[5,310,336],[0,122.114,0,0,0,0,1,1,1,1]],[23,"bg2",1,[3,-28,-29,-30,-31,-32,-33,-34],[0,"9cj2Csu6BM2b90irdhlsAd",1,0],[5,725,861]],[7,"VideoSettingNode",4,[-38,-39],[[29,-36],[11,-37]],[2,"e7IKJh/99N7I6zu9+//t+j",-35],[5,90,90],[110,240,0,0,0,0,1,1,1,1]],[16,"主页背景",1,[-42,-43,-44],[[4,1,0,-40,[6],7],[31,45,750,1700,-41]],[0,"79lHaPleVL/4gvS2Dcs8E7",1,0],[5,750,1334]],[17,"nodetili",4,[-45,-46,-47,-48,-49],[0,"23jIFs5wRHpYc2/wfwCiFc",1,0],[0,420,0,0,0,0,1,1,1,1]],[16,"btn_addtili",7,[-52],[[11,-51]],[2,"3brEhhyLJLGqsRJX9VgHJY",-50],[5,460,100]],[5,"WXCustomAdHorizontal3",1,[[4,1,0,-54,[75],76],[34,-55],[32,1,-56]],[2,"67+vbtEylA+KLnT/qJGsKt",-53],[5,750,180],[0,0.5,1],[0,667,0,0,0,0,1,1,1,1]],[3,"t_tili",7,[[6,"100%",28,28,false,1,1,-58,[36],37],[35,-59,[4,4278190080]]],[2,"51U9vLJI9GTqiAkBxqXoUh",-57],[5,78.41,37.28],[0,4,0,0,0,0,1,1,1,1]],[24,"language",[[6,"SWITCH ",26,26,false,1,1,-61,[40],41],[15,2,-62,[4,4278190080]]],[2,"2aICXmAdpDl5jD91plaeXa",-60],[5,113.3,36.76],[0,-55,0,0,0,0,1,1,1,1]],[12,"btn_rank",false,4,[-65],[[1,-63,[50],51],[13,0.95,-64]],[0,"09mzlrrkxH+a698RNaDlg8",1,0],[5,88,88],[260,-280,0,0,0,0,1,1,1,0]],[8,"language",false,12,[[6,"排行榜",26,26,false,1,1,-67,[48],49],[15,2,-68,[4,4278190080]]],[2,"e8JwKNKLpNRZgKjV9tqr1z",-66],[5,82,36.76],[0,-50,0,0,0,0,1,1,1,1]],[12,"btn_share",false,4,[-71],[[30,false,-69,[56],57],[13,0.95,-70]],[0,"9dcVS/redLw7d5iaXZ0vVg",1,0],[5,88,88],[-260,-280,0,0,0,0,1,1,1,0]],[3,"language",14,[[6,"分享",26,26,false,1,1,-73,[54],55],[15,2,-74,[4,4278190080]]],[2,"50hr3fHAhCBLT/Kx8DwwTK",-72],[5,56,36.76],[0,-50,0,0,0,0,1,1,1,1]],[5,"t_version",1,[[6,"v:102",24,24,false,1,1,-76,[58],59],[33,36,-48,20,729.8399999999999,25.04,206,40.32,-77]],[2,"46Ci03ck5C4pw+lmv27qJb",-75],[5,64.03,30.24],[0,1,0.5],[355,-626.84,0,0,0,0,1,1,1,1]],[3,"GameClub",1,[[14,0,-79,[60],61],[36,"light",-80]],[2,"a4raaj/ppFuKsaD4UKaAXU",-78],[5,60,60],[-160,330,0,0,0,0,1,1,1,1]],[5,"WXCustomAdVertical3",1,[[4,1,0,-82,[77],78],[19,-83]],[2,"39Prgg+v1ICaQxupJqx2mu",-81],[5,115,500],[0,0,0.5],[-375,180,0,0,0,0,1,1,1,1]],[5,"WXCustomAdVertical3",1,[[4,1,0,-85,[79],80],[19,-86]],[2,"08jxTyPmRKtaS4KbVdo+Yu",-84],[5,115,500],[0,1,0.5],[375,180,0,0,0,0,1,1,1,1]],[3,"ui8",6,[[14,0,-87,[0],1],[18,41,80,-88]],[0,"a0AI2a6iRBYpiVM4Pa7cox",1,0],[5,750,270],[0,532,0,0,0,0,1,1,1,1]],[3,"ui8",6,[[14,0,-89,[2],3],[18,44,80,-90]],[0,"0b2Q3ZefVL3I8CC2sTMZZ+",1,0],[5,750,270],[0,-532,0,0,0,0,1,1,-1,1]],[7,"map_t2",3,[-92],[[1,-91,[10],11]],[0,"d8oxeyTfdJv64Y2XA7DujW",1,0],[5,108,132],[-96,102,0,0,0,0,1,1,1,1]],[7,"btn_shop",4,[-94],[[11,-93]],[0,"573/jVIixPxZKY5ljC2wDL",1,0],[5,300,300],[0,120,0,0,0,0,1,1,1,1]],[7,"ui刷新",23,[11],[[1,-95,[42],43]],[0,"91aXWNYBZBJoq2nnf/xVgp",1,0],[5,81,96],[100,-100,0,0,0,0,1,1,1,1]],[3,"btn_start",4,[[1,-96,[52],53],[13,0.95,-97]],[0,"6flc5PKvdKYqUMW8dTu8UA",1,0],[5,280,103],[0,-280,0,0,0,0,1,1.3,1.3,0]],[3,"game_bg2",6,[[1,-98,[4],5]],[0,"acQIsZ3CBOwr7K9kBmXMcX",1,0],[5,339,544],[0,70,0,0,0,0,1,2,2,1]],[3,"石头",22,[[1,-99,[8],9]],[0,"88C1OKIfRNQIo+/O5NVSWa",1,0],[5,78,78],[1,13,0,0,0,0,1,1,1,1]],[3,"map_t2",3,[[1,-100,[12],13]],[0,"ccupSMgzlE3bKnBgUsD7cJ",1,0],[5,108,132],[2,102,0,0,0,0,1,1,1,1]],[8,"map_t2",false,3,[[1,-101,[14],15]],[0,"5d2u754I9F/q5zoJ2TpNVr",1,0],[5,108,132],[100,102,0,0,0,0,1,1,1,1]],[3,"map_t2",3,[[1,-102,[16],17]],[0,"d9d6fTlq1D7ISHksrXCGu+",1,0],[5,108,132],[-96,0,0,0,0,0,1,1,1,1]],[3,"map_t2",3,[[1,-103,[18],19]],[0,"85aLZeWKpN1YR8jCR0HwCI",1,0],[5,108,132],[2,0,0,0,0,0,1,1,1,1]],[3,"map_t2",3,[[1,-104,[20],21]],[0,"c26ndiymJNkZqHirAqbeRi",1,0],[5,108,132],[100,0,0,0,0,0,1,1,1,1]],[8,"map_t2",false,3,[[1,-105,[22],23]],[0,"06V6OWYedDJp5hachw8lvy",1,0],[5,108,132],[-96,-102,0,0,0,0,1,1,1,1]],[3,"map_t2",3,[[1,-106,[24],25]],[0,"f0i3A3yI5AVoUO4rHwVe8k",1,0],[5,108,132],[2,-102,0,0,0,0,1,1,1,1]],[8,"map_t2",false,3,[[1,-107,[26],27]],[0,"c9jaVOGVxE+pFW/vYlv+jb",1,0],[5,108,132],[100,-102,0,0,0,0,1,1,1,1]],[17,"node_role",4,[-108],[0,"cf5uUeRA1I5IiSFiCZuN1O",1,0],[0,130,0,0,0,0,1,1,1,1]],[9,"img_role",36,[[1,-109,[28],29]],[0,"14q5FknLNPiLqZR1YPtyCI",1,0],[5,140,190]],[9,"ui15",7,[[4,1,0,-110,[30],31]],[0,"f4kUX+iytHpIG176/L9j7U",1,0],[5,439,62]],[5,"img_tili",7,[[4,1,0,-111,[32],33]],[0,"602MoaWxJK7bQBQVtwpp3P",1,0],[5,389,34],[0,0,0.5],[-200,4,0,0,0,0,1,1,1,1]],[3,"uitili",7,[[1,-112,[34],35]],[0,"6dJB9bnhRHM4XB45iPBMVE",1,0],[5,72,85],[-200,0,0,0,0,0,1,1,1,1]],[3,"ui_add",8,[[1,-113,[38],39]],[2,"c2qR87N9tHnLGdIcVP3n9/",8],[5,72,70],[200,4,0,0,0,0,1,1,1,1]],[9,"videoOpen",5,[[1,-114,[44],45]],[2,"ca0bwj34FEIph9U80cpN9V",5],[5,88,88]],[9,"videoClose",5,[[1,-115,[46],47]],[2,"6aCAG/ITZM+6uCYexCzNh1",5],[5,88,88]],[25,"moregamebg",512,2,[[1,-116,[62],63]],[2,"5cpL3NtiFKi5ZwiiiQ+QO3",2],[5,89,68]],[10,"moregamegan",512,2,[[1,-117,[64],65]],[2,"8e0qDlXAZH4ZXhRMHLI+4Z",2],[5,41,71],[0,0.5,0],[0,6,0,0,0,0,1,1,1,1]],[10,"moregame2",512,2,[[1,-118,[66],67]],[2,"6d6fMY91hJGauiB0ICPxFf",2],[5,15,20],[0,0.5,0],[25,-11.547,0,0,0,0,1,1,1,1]],[10,"moregame1",512,2,[[1,-119,[68],69]],[2,"38poxy/z1BIqx4cGa/WpqR",2],[5,15,20],[0,0.5,0],[-25,-11.547,0,0,0,0,1,1,1,1]],[10,"moregamename",512,2,[[1,-120,[70],71]],[2,"33iSXXIbBNqruQUgZgzoRo",2],[5,117,36],[0,0.5,0],[0,-48.27,0,0,0,0,1,1,1,1]]],0,[0,2,1,0,-1,6,0,-2,4,0,-3,16,0,-4,17,0,-5,2,0,-6,9,0,-7,18,0,-8,19,0,2,2,0,0,2,0,0,2,0,0,2,0,-1,44,0,-2,45,0,-3,46,0,-4,47,0,-5,48,0,-1,22,0,-2,28,0,-3,29,0,-4,30,0,-5,31,0,-6,32,0,-7,33,0,-8,34,0,-9,35,0,-2,36,0,-3,7,0,-4,23,0,-5,5,0,-6,12,0,-7,25,0,-8,14,0,2,5,0,0,5,0,0,5,0,-1,42,0,-2,43,0,0,6,0,0,6,0,-1,20,0,-2,21,0,-3,26,0,-1,38,0,-2,39,0,-3,40,0,-4,10,0,-5,8,0,2,8,0,0,8,0,-1,41,0,2,9,0,0,9,0,0,9,0,0,9,0,2,10,0,0,10,0,0,10,0,2,11,0,0,11,0,0,11,0,0,12,0,0,12,0,-1,13,0,2,13,0,0,13,0,0,13,0,0,14,0,0,14,0,-1,15,0,2,15,0,0,15,0,0,15,0,2,16,0,0,16,0,0,16,0,2,17,0,0,17,0,0,17,0,2,18,0,0,18,0,0,18,0,2,19,0,0,19,0,0,19,0,0,20,0,0,20,0,0,21,0,0,21,0,0,22,0,-1,27,0,0,23,0,-1,24,0,0,24,0,0,25,0,0,25,0,0,26,0,0,27,0,0,28,0,0,29,0,0,30,0,0,31,0,0,32,0,0,33,0,0,34,0,0,35,0,-1,37,0,0,37,0,0,38,0,0,39,0,0,40,0,0,41,0,0,42,0,0,43,0,0,44,0,0,45,0,0,46,0,0,47,0,0,48,0,6,1,3,5,4,11,5,24,120],[0,0,0,0,0,0,0,0,0,0,0,0,0,0,0,0,0,0,0,0,0,0,0,0,0,0,0,0,0,0,0,0,0,0,0,0,0,0,0,0,0,0,0,0,0,0,0,0,0,0,0,0,0,0,0,0,0,0,0,0,0,0,0,0,0,0,0,0,0,0,0,0,0,0,0,0,0,0,0,0,0],[-1,1,-1,1,-1,1,-1,1,-1,1,-1,1,-1,1,-1,1,-1,1,-1,1,-1,1,-1,1,-1,1,-1,1,-1,1,-1,1,-1,1,-1,1,-1,4,-1,1,-1,4,-1,1,-1,1,-1,1,-1,4,-1,1,-1,1,-1,4,-1,1,-1,4,-1,1,-1,1,-1,1,-1,1,-1,1,-1,1,7,-1,8,-1,1,-1,1,-1,1],[0,5,0,5,0,9,0,10,0,11,0,1,0,1,0,1,0,1,0,1,0,1,0,1,0,1,0,1,0,12,0,13,0,14,0,15,0,3,0,16,0,3,0,17,0,18,0,19,0,3,0,20,0,21,0,3,0,22,0,3,0,23,0,24,0,25,0,6,0,6,0,26,7,7,27,0,4,0,4,0,4]],[[{"name":"ui15","rect":[287,560,80,73],"offset":[0,0],"originalSize":[80,73],"capInsets":[25,0,55,0]}],[1],0,[0],[3],[2]]]]