[1,0,0,[["cc.EffectAsset",["_name","shaders","techniques"],0]],[[0,0,1,2,4]],[[0,"eazax-mosaic",[{"hash":650253328,"record":null,"name":"eazax-mosaic|vs|fs","glsl3":{"vert":"\nprecision highp float;\nuniform CCGlobal {\n  mat4 cc_matView;\n  mat4 cc_matViewInv;\n  mat4 cc_matProj;\n  mat4 cc_matProjInv;\n  mat4 cc_matViewProj;\n  mat4 cc_matViewProjInv;\n  vec4 cc_cameraPos;\n  vec4 cc_time;\n  mediump vec4 cc_screenSize;\n  mediump vec4 cc_screenScale;\n};\nuniform CCLocal {\n  mat4 cc_matWorld;\n  mat4 cc_matWorldIT;\n};\nin vec3 a_position;\nin vec4 a_color;\nout vec4 v_color;\nin vec2 a_uv0;\nout vec2 v_uv0;\nvoid main () {\n  gl_Position = cc_matViewProj * vec4(a_position, 1);\n  v_color = a_color;\n  v_uv0 = a_uv0;\n}","frag":"\nprecision highp float;\n#if USE_ALPHA_TEST\n  uniform ALPHA_TEST {\n    float alphaThreshold;\n  };\n#endif\nvoid ALPHA_TEST (in vec4 color) {\n  #if USE_ALPHA_TEST\n      if (color.a < alphaThreshold) discard;\n  #endif\n}\nvoid ALPHA_TEST (in float alpha) {\n  #if USE_ALPHA_TEST\n      if (alpha < alphaThreshold) discard;\n  #endif\n}\nin vec4 v_color;\nin vec2 v_uv0;\nuniform sampler2D texture;\nuniform Properties {\n  vec2 nodeSize;\n  vec2 tileSize;\n};\nvoid main () {\n  vec4 o = vec4(1, 1, 1, 1);\n  vec2 uv = v_uv0;\n  if (tileSize.x != .0 && tileSize.y != .0) {\n    vec2 ratio = nodeSize / tileSize;\n    uv = ceil(v_uv0 * ratio) / ratio;\n  }\n  vec4 texture_tmp = texture(texture, uv);\n  #if CC_USE_ALPHA_ATLAS_texture\n      texture_tmp.a *= texture(texture, uv + vec2(0, 0.5)).r;\n  #endif\n  #if INPUT_IS_GAMMA\n    o.rgb *= (texture_tmp.rgb * texture_tmp.rgb);\n    o.a *= texture_tmp.a;\n  #else\n    o *= texture_tmp;\n  #endif\n  o *= v_color;\n  ALPHA_TEST(o);\n  gl_FragColor = o;\n}"},"glsl1":{"vert":"\nprecision highp float;\nuniform mat4 cc_matViewProj;\nattribute vec3 a_position;\nattribute vec4 a_color;\nvarying vec4 v_color;\nattribute vec2 a_uv0;\nvarying vec2 v_uv0;\nvoid main () {\n  gl_Position = cc_matViewProj * vec4(a_position, 1);\n  v_color = a_color;\n  v_uv0 = a_uv0;\n}","frag":"\nprecision highp float;\n#if USE_ALPHA_TEST\n  uniform float alphaThreshold;\n#endif\nvoid ALPHA_TEST (in vec4 color) {\n  #if USE_ALPHA_TEST\n      if (color.a < alphaThreshold) discard;\n  #endif\n}\nvoid ALPHA_TEST (in float alpha) {\n  #if USE_ALPHA_TEST\n      if (alpha < alphaThreshold) discard;\n  #endif\n}\nvarying vec4 v_color;\nvarying vec2 v_uv0;\nuniform sampler2D texture;\nuniform vec2 nodeSize;\nuniform vec2 tileSize;\nvoid main () {\n  vec4 o = vec4(1, 1, 1, 1);\n  vec2 uv = v_uv0;\n  if (tileSize.x != .0 && tileSize.y != .0) {\n    vec2 ratio = nodeSize / tileSize;\n    uv = ceil(v_uv0 * ratio) / ratio;\n  }\n  vec4 texture_tmp = texture2D(texture, uv);\n  #if CC_USE_ALPHA_ATLAS_texture\n      texture_tmp.a *= texture2D(texture, uv + vec2(0, 0.5)).r;\n  #endif\n  #if INPUT_IS_GAMMA\n    o.rgb *= (texture_tmp.rgb * texture_tmp.rgb);\n    o.a *= texture_tmp.a;\n  #else\n    o *= texture_tmp;\n  #endif\n  o *= v_color;\n  ALPHA_TEST(o);\n  gl_FragColor = o;\n}"},"builtins":{"globals":{"blocks":[{"name":"CCGlobal","defines":[]}],"samplers":[]},"locals":{"blocks":[{"name":"CCLocal","defines":[]}],"samplers":[]}},"defines":[{"name":"USE_ALPHA_TEST","type":"boolean","defines":[]},{"name":"CC_USE_ALPHA_ATLAS_texture","type":"boolean","defines":[]},{"name":"INPUT_IS_GAMMA","type":"boolean","defines":[]}],"blocks":[{"name":"ALPHA_TEST","binding":0,"members":[{"name":"alphaThreshold","type":13,"count":1}],"defines":["USE_ALPHA_TEST"]},{"name":"Properties","binding":1,"members":[{"name":"nodeSize","type":14,"count":1},{"name":"tileSize","type":14,"count":1}],"defines":[]}],"samplers":[{"name":"texture","type":29,"count":1,"binding":30,"defines":[]}]}],[{"passes":[{"program":"eazax-mosaic|vs|fs","blendState":{"targets":[{"blend":true}]},"rasterizerState":{"cullMode":0},"properties":{"texture":{"value":"white","type":29},"nodeSize":{"type":14,"value":[500,500],"editor":{"tooltip":"节点尺寸"}},"tileSize":{"type":14,"value":[5,5],"editor":{"tooltip":"马赛克尺寸"}}}}]}]]],0,0,[],[],[]]