[1,0,0,[["cc.EffectAsset",["_name","shaders","techniques"],0]],[[0,0,1,2,4]],[[0,"eazax-single-color",[{"hash":3403117609,"record":null,"name":"eazax-single-color|vs|fs","glsl3":{"vert":"\nprecision highp float;\nuniform CCGlobal {\n  mat4 cc_matView;\n  mat4 cc_matViewInv;\n  mat4 cc_matProj;\n  mat4 cc_matProjInv;\n  mat4 cc_matViewProj;\n  mat4 cc_matViewProjInv;\n  vec4 cc_cameraPos;\n  vec4 cc_time;\n  mediump vec4 cc_screenSize;\n  mediump vec4 cc_screenScale;\n};\nin vec3 a_position;\nin vec2 a_uv0;\nin vec4 a_color;\nout vec2 v_uv0;\nout vec4 v_color;\nvoid main () {\n  gl_Position = cc_matViewProj * vec4(a_position, 1);\n  v_uv0 = a_uv0;\n  v_color = a_color;\n}","frag":"\nprecision highp float;\nin vec2 v_uv0;\nin vec4 v_color;\nuniform sampler2D texture;\nvoid main () {\n  vec4 t_color = texture2D(texture, v_uv0);\n  gl_FragColor = vec4(v_color.r, v_color.g, v_color.b, t_color.a);\n}"},"glsl1":{"vert":"\nprecision highp float;\nuniform mat4 cc_matViewProj;\nattribute vec3 a_position;\nattribute vec2 a_uv0;\nattribute vec4 a_color;\nvarying vec2 v_uv0;\nvarying vec4 v_color;\nvoid main () {\n  gl_Position = cc_matViewProj * vec4(a_position, 1);\n  v_uv0 = a_uv0;\n  v_color = a_color;\n}","frag":"\nprecision highp float;\nvarying vec2 v_uv0;\nvarying vec4 v_color;\nuniform sampler2D texture;\nvoid main () {\n  vec4 t_color = texture2D(texture, v_uv0);\n  gl_FragColor = vec4(v_color.r, v_color.g, v_color.b, t_color.a);\n}"},"builtins":{"globals":{"blocks":[{"name":"CCGlobal","defines":[]}],"samplers":[]},"locals":{"blocks":[],"samplers":[]}},"defines":[],"blocks":[],"samplers":[{"name":"texture","type":29,"count":1,"binding":30,"defines":[]}]}],[{"passes":[{"properties":null,"program":"eazax-single-color|vs|fs","blendState":{"targets":[{"blend":true}]},"rasterizerState":{"cullMode":0}}]}]]],0,0,[],[],[]]