{"paths":{"0":["bg/bg4",4],"1":["_my_textures/moregame2",4],"2":["_my_textures/wx8e60ca4ee08a2a7d",4],"3":["_my_textures/wx39f5e31692c6c224",4],"4":["_my_textures/wx1109b1c9c4c13a38",4],"5":["_my_textures/wx865408003724cd9a",4],"6":["audio/die",5],"7":["noncompacting/ui8",4],"8":["_my_textures/wxd8a39d3ca2db17f2",4],"9":["_my_textures/moregame1",4],"10":["_my_textures/wxdab9328a4a9ccf4c",4],"11":["_my_textures/wxe695f32ebc1b74bb",4],"12":["_my_textures/moregame4",4],"13":["_my_TTFFont/UIZITI/UIZITI",0],"14":["cache_common/TPIS",4],"15":["bg/bg6",4],"16":["audio/move",5],"17":["bg/bg2",4],"18":["bg/logo",4],"19":["cache_common/img_black",4],"20":["bg/qidong",4],"21":["bg/bg_matching",4],"22":["bg/bg3",4],"23":["_my_textures/wx0c17f6b703a66af9",4],"24":["audio/anniu",5],"25":["audio/bg",5],"26":["_my_textures/wxf8acc1f23385b801",4],"27":["_my_textures/1775b4b64/tt_img1",4],"28":["_my_textures/wx96a81534b83f81eb",4],"29":["_my_textures/wx54e2f65d27f755dd",4],"30":["_my_textures/wx3f7aaf3cc7fb552d",4],"31":["_my_textures/bgjumpOtherGame",4],"32":["_my_textures/1775b4b64/button2",4],"33":["audio/atk",5],"34":["_my_textures/wxf072ed25bf278725",4],"35":["noncompacting/UI43",4],"36":["bg/bg",4],"37":["_my_textures/wxde5dbba80193ba7a",4],"38":["cache_common/img_white",4],"39":["_my_textures/1775b4b64/round",4],"40":["audio/jump",5],"41":["_my_textures/1775b4b64/red",4],"42":["_my_textures/wxe626f5561a0c9649",4],"43":["bg/bg5",4],"44":["audio/win",5],"45":["_my_textures/moregame3",4],"46":["_my_textures/wx223ccb50eb32f3e7",4],"47":["_my_textures/range",4],"48":["_my_textures/1775b4b64/ttvideo",4],"49":["_my_textures/1775b4b64/ttvideoshare",4],"50":["_my_animion/GuideDragLayer",1],"51":["uiold/btn_10",3,1],"52":["uiold/经验进度bar",3,1],"53":["effects/shakingEffect",7],"54":["cache_img/role6/r1_atk11",3,1],"55":["cache_img/role5/r5_idle",3,1],"56":["ui/ui16",3,1],"57":["cache_common/TPIS",3,1],"58":["ui/ui_music",3,1],"59":["_my_textures/1775b4b64/ttvideo",3,1],"60":["cache_img/role7/AutoAtlas",6],"61":["cache_img/role6",3,1],"62":["bg/bg",3,1],"63":["cache_img/role7/r2_idle2",3,1],"64":["uiold/img_loading",3,1],"65":["cache_img/role7/r2_atk13",3,1],"66":["cache_img/role7/r2_idle1",3,1],"67":["prefabs/Map7",2],"68":["ui/读条底框",3,1],"69":["cache_img/role7/r2_jump3",3,1],"70":["bg/bg6",3,1],"71":["ui/按钮背景",3,1],"72":["prefabs/Map24",2],"73":["cache_img/role7/r2_jump1",3,1],"75":["cache_img/AutoAtlas",6],"76":["_my_textures/bgjumpOtherGame",3,1],"77":["ui/ui刷新",3,1],"79":["_my_textures/range",3,1],"80":["uiold/关闭",3,1],"81":["ui/ui_pause",3,1],"85":["cache_img/monster/m1_idle1",3,1],"86":["ui/ui_add",3,1],"87":["ui/按钮主页",3,1],"89":["ui/关卡牌子",3,1],"93":["ui/手指",3,1],"95":["uiold/topbar",3,1],"99":["ui/levelbg",3,1],"100":["cache_prefabs/LevelCell",2],"101":["cache_prefabs/Menu",2],"102":["cache_img/tileA1",3,1],"103":["cache_img/role7/r2_move4",3,1],"104":["cache_common/img_black",3,1],"105":["cache_img/role6/r1_idle1",3,1],"106":["uiold/bg_阴影30",3,1],"107":["cache_img/role5/AutoAtlas",6],"108":["cache_img/map/map_t5",3,1],"109":["noncompacting/ui8",3,1],"110":["prefabs/Map4",2],"111":["cache_img/img_tips",3,1],"112":["uiold/img_lock",3,1],"113":["cache_img/role3/AutoAtlas",6],"114":["cache_img/role6/r1_atk14",3,1],"115":["cache_prefabs/GainGoodsLayer10",2],"116":["cache_img/w2_2",3,1],"117":["cache_img/role6/r1_atk31",3,1],"118":["cache_img/tileB1",3,1],"119":["effects/eazax-hollowout",7],"120":["ui/AutoAtlas",6],"121":["uiold/bg_阴影20",3,1],"122":["cache_img/role2/AutoAtlas",6],"123":["cache_img/role2/r2_idle",3,1],"124":["cache_img/role4/AutoAtlas",6],"125":["_my_textures/wxe695f32ebc1b74bb",3,1],"126":["cache_img/role6/r1_atk32",3,1],"127":["cache_img/role6/r1_jump1",3,1],"128":["bg/bg3",3,1],"129":["cache_img/role6/r1_move2",3,1],"130":["cache_img/role1/r1_idle",3,1],"131":["uiold/锁图标",3,1],"132":["_my_textures/wxdab9328a4a9ccf4c",3,1],"133":["cache_prefabs/CoinGoldNode",2],"134":["prefabs/Map13",2],"135":["cache_img/食物动画",3,1],"136":["cache_img/role6/r1_atk22",3,1],"137":["_my_textures/wxf8acc1f23385b801",3,1],"138":["cache_img/img_gem",3,1],"139":["bg/bg4",3,1],"140":["uiold/bg_阴影10",3,1],"141":["cache_img/role5",3,1],"142":["_my_textures/1775b4b64/round",3,1],"143":["cache_img/role3/r3_idle",3,1],"144":["uiold/菜单选中",3,1],"145":["cache_img/tileC",3,1],"146":["ui/ui_dinwei",3,1],"147":["ui/UI36",3,1],"148":["prefabs/Map14",2],"149":["cache_img/role4/r4_idle",3,1],"150":["cache_img/role6/r1_move1",3,1],"151":["effects/eazax-avatar-circle-adjustable",7],"152":["effects/eazax-hollowout-rect",7],"153":["prefabs/Map19",2],"154":["cache_prefabs/TipCoinView",2],"155":["cache_img/map/tile1",3,1],"156":["_my_textures/1775b4b64/button2",3,1],"157":["uiold/转盘2",3,1],"158":["uiold/经验条",3,1],"159":["ui/按钮重玩",3,1],"160":["ui/levelcell",3,1],"161":["uiold/ui_coin_bg",3,1],"162":["_my_textures/moregame3",3,1],"163":["cache_img/role6/r1_atk21",3,1],"164":["ui/UI33",3,1],"165":["cache_prefabs/GameSettlementLayer",2],"166":["bg/bg_matching",3,1],"167":["uiold/通用底框",3,1],"168":["effects/eazax-avatar",7],"169":["uiold/通用底框3",3,1],"170":["ui/uitili",3,1],"171":["cache_img/role7/r2_idle3",3,1],"172":["cache_img/map/map_t4",3,1],"173":["_my_textures/wx39f5e31692c6c224",3,1],"174":["cache_prefabs/GuideDragLayer",2],"175":["ui/复选勾",3,1],"176":["cache_img/role6/r1_atk33",3,1],"177":["prefabs/Role4",2],"178":["prefabs/Map8",2],"179":["_my_textures/moregame4",3,1],"180":["ui/home4",3,1],"181":["prefabs/MapTest",2],"182":["prefabs/Map1",2],"183":["ui/btn1",3,1],"184":["_my_prefab/MoreGameLayer",2],"185":["cache_img/tileA",3,1],"186":["_my_textures/wxde5dbba80193ba7a",3,1],"187":["prefabs/Map20",2],"188":["ui/摇杆/game_ok0",3,1],"189":["cache_prefabs/BuyTiliLayer",2],"190":["cache_img/msg_text",3,1],"191":["cache_img/role1",3,1],"192":["uiold/btn_20",3,1],"193":["ui/ui13",3,1],"194":["uiold/ui_process_circle",3,1],"195":["cache_img/role7/r2_move1",3,1],"196":["cache_prefabs/GamePauseLayer",2],"197":["cache_prefabs/DailyTiliLayer",2],"198":["cache_img/role7/w2_2",3,1],"199":["ui/btn_rank",3,1],"200":["cache_img/monster/m3_idle1",3,1],"201":["prefabs/Map2",2],"202":["cache_img/role7/r2_idle6",3,1],"203":["ui/UI31",3,1],"204":["cache_img/role6/r1_idle4",3,1],"205":["uiold/菜单未选中",3,1],"206":["ui/UI34",3,1],"207":["cache_img/map/game_bg2",3,1],"208":["_my_textures/1775b4b64/ttvideoshare",3,1],"209":["bg/logo",3,1],"210":["uiold/弹窗地板2",3,1],"211":["cache_img/石头",3,1],"212":["uiold/bg_d2",3,1],"213":["prefabs/Map21",2],"214":["_my_textures/wx54e2f65d27f755dd",3,1],"215":["uiold/通用底框2",3,1],"216":["_my_textures/moregame2",3,1],"217":["cache_img/role7/r2_move3",3,1],"218":["prefabs/Map9",2],"219":["_my_textures/moregame1",3,1],"220":["ui/摇杆/AutoAtlas",6],"221":["cache_img/w2_1",3,1],"222":["uiold/AutoAtlas",6],"223":["effects/sprite-flag",7],"224":["prefabs/Map17",2],"225":["uiold/返回",3,1],"226":["cache_img/role7/r2_move2",3,1],"227":["effects/eazax-color-brush",7],"228":["cache_prefabs/TipTiliView",2],"229":["ui/ui_kuang",3,1],"230":["cache_common/img_white",3,1],"231":["cache_prefabs/LevelLayer",2],"232":["ui/UI32",3,1],"233":["ui/读条底框2",3,1],"234":["prefabs/Map22",2],"235":["ui/btn_share",3,1],"236":["ui/摇杆/game_arr0",3,1],"237":["uiold/bg1",3,1],"238":["bg/qidong",3,1],"239":["ui/摇杆/game_arr1",3,1],"240":["ui/UI42",3,1],"241":["cache_prefabs/HomeLayer",2],"242":["ui/head_default",3,1],"243":["cache_img/role6/r1_jump3",3,1],"244":["cache_img/map/map_t3",3,1],"245":["effects/eazax-single-color",7],"246":["cache_img/role7/r2_atk32",3,1],"247":["uiold/计时底框通用",3,1],"248":["cache_img/role6/r1_move3",3,1],"249":["uiold/bgc1",3,1],"250":["cache_img/monster/AutoAtlas",6],"251":["_my_textures/wx8e60ca4ee08a2a7d",3,1],"252":["ui/uirank0",3,1],"253":["_my_textures/wx865408003724cd9a",3,1],"254":["cache_img/role7/r2_atk31",3,1],"255":["cache_img/role6/r1_atk23",3,1],"256":["effects/eazax-mosaic",7],"257":["uiold/计时底框",3,1],"258":["prefabs/Role5",2],"259":["uiold/btn_12",3,1],"260":["uiold/bg_d3",3,1],"261":["uiold/whiteblock",3,1],"262":["cache_img/role6/w1_2",3,1],"263":["prefabs/Role6",2],"264":["prefabs/Role2",2],"265":["cache_img/map/AutoAtlas",6],"266":["uiold/按钮黄1",3,1],"267":["cache_img/img_monster_tips",3,1],"268":["ui/bgcell",3,1],"269":["prefabs/Map10",2],"270":["ui/ui_video1",3,1],"271":["cache_img/role7/r2_atk11",3,1],"272":["prefabs/Map15",2],"273":["_my_textures/wxf072ed25bf278725",3,1],"274":["cache_prefabs/RankLayer",2],"275":["_my_textures/wx96a81534b83f81eb",3,1],"276":["cache_img/role7/r2_atk22",3,1],"277":["uiold/设置按钮",3,1],"278":["effects/eazax-hollowout-circle",7],"279":["cache_img/role6/w1_1",3,1],"280":["uiold/经验进度背景",3,1],"281":["prefabs/Map16",2],"282":["uiold/bg_d1",3,1],"283":["uiold/bg_title1",3,1],"284":["effects/eazax-gray",7],"285":["ui/视频按钮",3,1],"286":["ui/ui15",3,1],"287":["effects/eazax-gaussian-blur",7],"288":["_my_textures/wx0c17f6b703a66af9",3,1],"289":["ui/ui_video0",3,1],"290":["cache_prefabs/ShopLayer",2],"291":["ui/uicell0",3,1],"292":["prefabs/Map5",2],"293":["ui/按钮继续",3,1],"294":["cache_prefabs/TipsView",2],"295":["cache_img/role7/w2_1",3,1],"296":["effects/sprite-loading",7],"297":["uiold/复选框",3,1],"298":["uiold/金币框",3,1],"299":["uiold/红点提示",3,1],"300":["uiold/btn_22",3,1],"301":["cache_img/代替怪物",3,1],"302":["cache_prefabs/ShopCell",2],"303":["uiold/bg2",3,1],"304":["cache_img/map/map_t1",3,1],"305":["prefabs/Map12",2],"306":["prefabs/Role1",2],"307":["cache_img/role7/r2_atk34",3,1],"308":["cache_img/role1/AutoAtlas",6],"309":["prefabs/Stone1",2],"310":["cache_img/role7",3,1],"311":["cache_img/add1",3,1],"312":["bg/bg5",3,1],"313":["_my_animion/MoreGameWXNodeAnim",1],"314":["cache_img/role7/r2_atk23",3,1],"315":["cache_img/role6/r1_atk12",3,1],"316":["prefabs/Map18",2],"317":["prefabs/Role7",2],"318":["prefabs/Map6",2],"319":["uiold/btn_21",3,1],"320":["cache_img/tileC1",3,1],"321":["cache_img/role2",3,1],"322":["uiold/btn_11",3,1],"323":["ui/按钮分享",3,1],"324":["prefabs/TipsKillGoldNode",2],"325":["cache_prefabs/GainGoodsCell",2],"326":["cache_img/tileB",3,1],"327":["ui/uirank1",3,1],"328":["ui/摇杆/game_ok1",3,1],"329":["effects/eazax-gaussian-blur-adjustable",7],"330":["uiold/img_video",3,1],"331":["cache_img/role7/r2_idle5",3,1],"332":["cache_prefabs/GainGoodsLayer4",2],"333":["cache_img/img_coin",3,1],"334":["_my_textures/wxe626f5561a0c9649",3,1],"335":["cache_img/role6/r1_jump2",3,1],"336":["uiold/转盘3",3,1],"337":["cache_img/map/食物影子",3,1],"338":["cache_img/role6/AutoAtlas",6],"339":["uiold/弹窗地板3",3,1],"340":["uiold/bg0",3,1],"341":["cache_img/role4",3,1],"342":["ui/ui22",3,1],"343":["cache_img/role6/r1_idle3",3,1],"344":["ui/按钮关闭",3,1],"345":["uiold/bg_d4",3,1],"346":["prefabs/GameLevelNode",2],"347":["uiold/转盘4",3,1],"348":["noncompacting/UI43",3,1],"349":["prefabs/Role3",2],"350":["uiold/任务进度条",3,1],"351":["cache_prefabs/LaunchLayer",2],"352":["prefabs/Map3",2],"353":["_my_textures/wx1109b1c9c4c13a38",3,1],"354":["cache_img/role6/r1_idle2",3,1],"355":["cache_img/map/map_t3_2",3,1],"356":["effects/eazax-sine-wave",7],"357":["ui/ui11",3,1],"358":["cache_prefabs/InterceptLayer",2],"359":["cache_prefabs/GameLayer",2],"360":["_my_textures/1775b4b64/tt_img1",3,1],"361":["cache_img/role3",3,1],"362":["cache_img/role7/r2_idle4",3,1],"363":["prefabs/Monster1",2],"364":["uiold/经验条2",3,1],"365":["cache_prefabs/GamePassLayer",2],"366":["ui/摇杆/game_operatebg",3,1],"367":["uiold/bg_阴影0",3,1],"368":["effects/sprite-tiled-sin",7],"369":["prefabs/Map23",2],"370":["cache_prefabs/VideoSettingNode",2],"371":["prefabs/Map11",2],"372":["ui/msg_btn",3,1],"373":["cache_prefabs/GameMsgTextNode",2],"374":["cache_img/role6/r1_atk13",3,1],"375":["_my_textures/wxd8a39d3ca2db17f2",3,1],"376":["ui/复选勾2",3,1],"377":["cache_prefabs/RankCell",2],"378":["uiold/设置音乐",3,1],"379":["ui/UI35",3,1],"380":["cache_img/role7/r2_jump2",3,1],"381":["_my_textures/wx3f7aaf3cc7fb552d",3,1],"382":["cache_img/role7/r2_atk12",3,1],"383":["_my_textures/1775b4b64/red",3,1],"384":["bg/bg2",3,1],"385":["_my_textures/wx223ccb50eb32f3e7",3,1],"386":["cache_img/role7/r2_atk33",3,1],"387":["cache_img/role7/r2_atk21",3,1],"388":["effects/eazax-avatar-circle",7],"389":["uiold/转盘5",3,1]},"types":["cc.TTFFont","cc.AnimationClip","cc.Prefab","cc.SpriteFrame","cc.Texture2D","cc.AudioClip","cc.SpriteAtlas","cc.EffectAsset"],"uuids":["04fMq4+upK/Y+cJAuNIQpW","07RvMI9IVPDIbC0AYQJ7yp","0ewz96FlBGSbg0govy/6WQ","11XxmhkaxIZJlbzrjkZmZ7","17dx3xNPRGCr68ZNIYe8NR","1cRHrVbGVP4KMSdPE5XPxC","1fa0tJINJAjYBwZ+xJRVej","24pflR9xBFroyfTd19yxNW","26hWVaMoFJtImgWGMq9WSM","2cg0jkllRFaJAYqszeaRNm","31OMLxyZlC/aK30YpgPNht","38gxn7dz1FO6EQTb3Wpnwj","4775OSsdZAkqWqLgb72KGM","55NNX3fsZMuLqGYpr9Xu3j","56Loe4ZBVCIK/n+abLAeGB","579cm7awFHYZ16PLtpJgM0","5btxnIoOJA96+NgPipml1V","61tgUYc+lOgKfitSagekTW","63QbQQrcxBxoElfRD9HZuG","63Q8KrMgNBxpN0zeGdkkIC","6fKb1bWAZCFJKXQJiXGCTp","83UAWfckhKQKlziS7zGWUV","87nAfpuENJJZmWuNm3CJCa","9fqdwjZvVNX6FN2Df3x36c","a5pEwwMm5FVITPCpQ7aoxJ","a7FsXZSuNEyJLbmKVP57ZO","a7PITAtAFN+Ip13+nfIV7D","a9BtOTCAlHxpHftxLPHuBk","a9mVzaqIFCgL/fX5POho4U","aceq0tSYFC/aXHvQKqsU5X","b2lOaomnBOdLr+swdGAKYV","b27xyQiwdBfYpmMia8/od2","bdjE2prW5HLLFHQjYForIT","belJaJraBLhr5pAZ5unKrv","c1blklCidN7oW8HNjcS8eG","c6t14x5VlJu5/3MfhSUvmC","cbCITJwARJHpQsL0ZPIYov","cdjXyrOiFMVo8q3u7cc1tc","cfVVlAj+dHZ5VS7FgCG0PB","d154diSotOm5BoO3Gpgmdf","dcLkngUqZHVIDQb2jPm/tO","ddFhmL7sNO0aBkpXl7zdsy","dfsSU9ontHNrNrMk8uh3Gf","e7OetMs/pLG5xXice252Eg","e9XZuxbqVEhLlMAWM8aJwN","edIL4m0CpI6rUy9h4uJWSv","ef/ij4dTVGRowgzjo5qyiP","f3lEmk6TRECrJaBNmctn6S","f4X9YH0cZAiZp8XPOVb046","fbxjxgr0FDjI6bD7AHZxIx","002MzQsDVCf619vYEalw15","02YgqhgSNGd7btL7lFLDNU","02mAP4nhRPua6TUusc2Nco","02tEppsj5D07Fs0aMBzj/S","03Dhac4x5B4oAjVwgzV4Qp","03Fx1UbKpCE6C99LjKOYpj","03K0SwRChPqLzLyPOw0/Xr","04TXjIjHxItbKPMnbvzb97","04a2sqO+5Gxo06J7dBlcLA","05jApQ7d1EaIRERIimgN9Y","05odtymZxIMq5R1NovFuqq","06RqfK3elCRKAaU8CD6oRc","08gQ9WVMFNk7hf1lwyxPnn","08yQHCD9hDmIz2+lKUGMVL","09d9s48hdCP4aOMzvJ5/xw","0a4W67JRRM1r+v4IQVT8/5","0bATDwTmdC2YxQY6a/Qixq","0bRO/V74JDdr9Xij71Rj6k","0bWL7grNpFJbeo9CBOsMHW","0dYjSbLg5CNJXaP6NRSlv7","0d2mK4+fxJHbKeGLpVcYAj","0ebcHTQEdKMbfFqqHTOymD","0fA6wg4AhKK7B1WgF2Lbbo","0faihc/9VCOKTvDbAhf176","1186f3ee1","12NPplvylGC4HNEYrmzXnt","12Y+ahmrRD+5NUogz0PXvr","13DO2SHelMLLpY3aSfMUEA","13f126586","14fvDxDb1JVb8qgyzo5B7p","15XbyL+j5KhqvCSF9uWLRt","15lg0XXDtPuKc3+rLysQJe","159b5ebb6","16e04ac48","17f33abb7","18i2bFxvRBjK+awgtPo4Xe","18ycMv8fdI/L0lfThLIySa","181XfOF1pL6oreB8AIMV+q","1a72d68b0","1ao/20TpRDe4NFMUnVxkEu","1b21dad5c","1b669b05e","1d2387e15","1dR+IO3QpGy4m6PtQ0GGiw","1dba25a57","1eLkRqN/hKHbwf9gdMLD41","1e36de43c","1ee7d61e0","1f90ae399","20I//mIg9NlLWhlSgKil5I","20ZCxTailKhonYkTZMpTSM","20fqgv6uVKPJDRZRikR2Jb","20pV8utuNK9qeNSC1VKIaG","21SSSOSzNEEL1qr0+qyuxh","22jTH0HRFIErNFjhPPWn1u","23fWUU5jZH46jFLFg6WeEu","23tAy9rDVNoLTMvxdSQ/s6","24Fg8JdqtGfa1iOHpeED0S","24QNHZW51ItqGQGbDpzZv4","26G/4FpWpIvKm8SRJtIbaO","26tZX69MdLpZ4l1WFIihHo","27OYFdL4xBsJA+GoairouR","28ZYLP++tDjIQinvAclIeP","29T91ujlxBl4FT4SUnVTja","29ZxNUI5NPO4Gtod7sdfpY","298RqpNChPFrUcTcpAF/ZL","2aF7Uk149MA7QOMFNG1Jzo","2arPXnk89GIYrYjiL6ed1m","2ayXAw7SBKApJLrI8N/IzO","2coqPj365LfYOnsEtuHrwT","2deZeINApMZ7OwvsXgswAG","2dl8YWZh9ENr/2bpwL3ERb","2eMK4AvXlDjqDvIaf1LFRP","2fKjvE2xBO1Zz4MZRLeRaO","30k93ZaTpPKoa+4ZHL4W69","31PGkazHtOpq7/jeO1ulty","32C4ZKzOJM0J6vCN/D1V2E","33JVScs01Bybe7qeoh2JX+","336kqj4lpGJLmV2FqhXxwb","34S+I9l6tFSKEFORQDSTIZ","34epXprlZAZJQiqg/6Cp0h","35J0MCJ7JD7Yhc+ARzlNiO","35jZ9Cf+9MNowgLwq8sWzP","36apTqN3RF14oA9mKIaI85","37GlWqn15Ne5XM8VoGiqCv","37dqjMFa9M7adCYPq+K5h3","37ru65zwNL7okssEZb0PEe","38FRu6vmFG7KWIirFkFYqi","38QFGbmexIoK+5vCDCGPfR","38p4/IL7dJ8rfeGiYYg4BE","39H/7rem9HO58XgrnW37vC","3ampArHe9Lq4WceqT2h23p","3a0RIegvZNdLFcXPnNL929","3byupW8h9GopKMacIYRZ2L","3b4d+mFlFDNp6gmNjqZhp+","3cc8NAFmxCd5bSyCcfsGZH","3enXPTEM1AOK1mmwAQwAEX","3e2EPiB75EELY3NhPZ0sgx","3e9q77Hm1DFp14rkiNsf4w","3fb+6n5s5MXrrn74TzFMXj","3flivRSFBMvbswJz47Lx+y","3f/gvfZW1FY6vZt4NoKdTS","40F/Q5jexHZZ3TUFxTuUNu","40Kf420aNAirCWtv9gFVTq","41LYry9EJJ95apQbQyl8lB","42/h+HjHdPfKcrwFFVmyoy","43BmqJGSRBpoQpF9m0TWh2","43tiWFudlOWpCPWOHMQ8B3","43xzvjLUVCI6+LnyAeKmKV","44NWS/3p9FI79OM7/cVFqI","44P1EF+AhPn6S3m7aRh2WC","45Nm6qYgJO9as791BIQT+I","46FWiU0d1Nj5hhcpBqTO3m","46S33GfYVJ06f71pS0FkGg","46YA1tr+hGYY16oZXZuc6j","478trUVXxLnqx6XxPo8v5E","48Jv5vqM1No4S6U+Oe9xXC","48NM56eklKd7kqs6TM6Nh3","48XrM6HblJY7oY0RbeiEZI","49aJ31MjdNJJK3CDXczuZu","4aPZh9vsZOsqL/9M8/nFz5","4cA2gA92BKDYP1niWDQpB0","4c0CumGaVOPo4h4IbpZ1t3","50Az7BGOlCdIy1XY9aecGH","50IO72ZYpIA5gYaDsmVZ20","50Y4AJ+E9E07X0qkkt/5DJ","50m/bIItJGOJNOdELUo+BJ","51N3dYT05OV7MUJwMOL65d","54rAZpYRxMwKgLW4mLevLb","54vC5F5BhLG65EflQBKpvv","54+pJT005Mt4W+xtOcT/8k","57A3YD7wNKf7MMY/NoIC1t","57XboKA2hPXoSz1fFdZWcz","58PDKYzXVNEKHiUEASW0Yv","58WSKjpTtASLJBpPs0KjiE","59fkC/cPBFN6gevZs2aSRd","5bJpoxOd5Af5ma+h5RQ2tZ","5bhmQ9PMdFf7G+qu6PWCZS","5cThlhiL9PbYbnan+7ntyL","5chFyDuKdB8ajhMhQ8TgIE","5er/hWGf9GGLdSlba49YbR","5fJQLElKFIzaErr7yOj7uP","60zLtB+7NLw7Dz+F30hlGF","6011gceiFG96uX56AAsgQQ","611ZXjn2NNUIjHGZEtTmXx","62iqb7+JlMjrHkDvp0Pd10","621wWt3JpFbq62I3bcmhU/","63eXVEndFDj6I4GhFcxDp0","63lHeL289EH40scWYZ2wFN","64MpYmTv5IW5DNOg9wBhVe","64bqQ5BnhGZYTbv1GuNkSP","65wEBk4QVKfYdd207u0jB0","66KJAZVWVFc6nD7aZavxvn","66Saqo21lBJIsMf+FEOkZ5","66tYSf/FpLb6xGBjBoIHa9","66vjTrgVVNz69Q+fJBGPOL","67wolqU71CZ5A0xbNdJk/X","68lQaW9WZDA6lnVqtV85Y+","6aCUv5159DKLfgdBtag+cm","6aHxG3Mq5KCIdv7earnG1h","6avIg1GshKzpLf+h1dequF","6bzmv+kMxPGqjSzt1YgVOX","6diz/RFLBAhYp5gt9amAAn","6e0gXkSHVLqrULbxPo/++i","70JuNjGVJBGoCe5bGcF47B","70NakFqElI6Lp7hjRx0pzW","70vzj+wUpDCYqBarNpfDPw","74eSAg8HpPHKiXq1F2+olj","77eOQau0lJrojHMmSOjkan","77rRGcvfdDxLswK5qRrZ0W","78I8ZMuDpNab74mngiLX9Q","78TsTqI71McLb2vn/5ryL9","78dCjjmr9KAIgif8kd7zqt","794JfCosJHDLHGAeAMTix4","79+jfDt6tHZpEl0BJf5txj","7cEEwG2YtC1r1T502W/ybR","7cWIK1ZFJCXahkiJlf16yY","7dMcdLMk5Lh4EhRUrZUhZ8","7dYFH04zdL7IM6sfM/zhe0","7fdheM0YJGvK8/PDygtJbf","7fnsDTbbpHDprynea0qII9","7fv/zSYjxEjIem5qfjWq4f","80r8XwTh9NRqeW3h5QMT1M","81PDUqQbpBy6B/Wa8Mp/Uc","818c3O1+9AwqFoa+43QswZ","826uT62e1E+aQqQkJ1R1sO","83L/X9y8tEDaVyoFJNbedQ","85BGi2quhKcZkkD50avYuN","85raqLVb9NtoTJpO8ztnaR","86FosMEWxPDbXE7lvyEzNp","86hSibRLBMK7dDuPf0gUDb","86xQqGju1BOo8701bBHHVX","87u42yl4NH54nZXddbI9zD","870gwGG31Mo7lnXj35LSon","88PD0A46tOFY40KweZCgce","881Sy6LnFLe7gw19mLXwnm","89HbLJRVRFmK4OC4vcoY3G","8e3Oj5hLpEk5RH1tlK3zpf","8fsw3oqvFImZkX8QKvxoph","91cLEo0q5NYrBjS/9E8I75","92qGz7KKtJL6FiQiDJ6q+A","92yPv3LH1FLp71irsCYVGE","93yjYJlJtNo40vV+oE9iPy","93/TqfRrNJl61sKJO9DoCq","94vU7IpzVFN76pn/qh+HX7","95mmnzQh5Dk4wL4HuyBq0q","96FIHLsVZORKYJ3FCz56C8","968STk2rFN2ItrsFVpyj8Q","97LzezlmZGFo42TiGiUF1Y","97gNQf6wlP3JNEjuAGNBbw","97tUJLYs5DlpknM0UI8spH","976M9j8GJKhpPCJVemYEc6","98BFWk78FNWqJ2m7RjxMJi","981thnPhNC4oRrj6Vh1wc0","99cWxfYIVIdZ73w5A0ssjE","9aQ7k2DhtBYaktjaOB7Exx","9aT6joOnRKd64pD4eM6m/x","9auzvWwt9C0r8Xj4wwFMDn","9ckyq052ZARq8ldAKV3HC+","9c2QqbMYJBtJl4UoVcRsb+","9dipk1MjJM2I/DMx4S+cWt","9dxn1pybhBA70QWbI6nZWF","9eCDWkhntACah07XKmKuU3","9ft8DLgqJKS54C87SOwjb8","a0Dniv4oNLXarRvjE2aXN9","a0QYxpze5HdKR9g0/Y/xig","a01LjlaAtD151wM3J2BgR6","a1aaO8NZxFioaPXGB3Qinb","a2jpNqeOpJP6JgeiTeE9R3","a2nWStYapDO6ElGzQCHXO6","a3dVE+az1Ms4c8bkdxGT4z","a38dBEWjpBrqUjDgTRYhGj","a5OiKuwohPBKpjqQ4EuHom","a5k9hF09xL6KX93bNYfMX6","a6soNJ1q9Fra8WQFG4rKnD","a7LbSkAp9Ab6D8YQrZyFkU","a7PY1CqcxGYLqOnVdxE3pB","aaLAvbknREALODRVYIVbcN","aaW2eFHsZIm6i0RGtj7zzf","acywQ8tk1KHYVl/UR7yQmO","ad4KlrE6FNbJlsDXrXg9FN","b1+Hr6pEZEiZ0JlzTkKy5X","b3hTFchZxHW7Rc9vOPIhwM","b5NeQYbK9OU7TD9H1Z7JOy","b5S1nOe0xCTYF+FDfTml9W","b6gL45sJtFeqf65w0Mbh0m","b6nYVWiOFH2Jyyy+TQPfF/","b6tYJlEX5HGLxh5m9eGdPn","b7zoTo2N1OIrU2SqYOUyA/","b8OkwoaF5GoKGnPEqNQ6pQ","b9IXzJBKJDL7+YcrS66gSu","baEkTI2WFB1LtJMrJU7t8M","batLvrlxxBUrjgGMZQHCHe","bbip+TAQ5LXYZE8lZ6nUv8","bbxPsAoLJMv6UxeqplUEoU","bb+lkeWmNKXbP8wyMZaspv","bdr++fbL9AAabu6bbpbppo","bePFhqpEdAjInwGfd9UtOf","beZtwibypNnp0nflvMUHcM","beqMHbysRDyLSs4tuDd9hq","bewD6JCxpJFbGrHV4iEORc","bfe8uSB6hACqu38aOKSAYs","c2OA6zNXtMObLyAFLJ6l8L","c4UiBFsvtEm6acFg81Lqqw","c4uzlRJn9CVpA9aOiOiM3J","c6FL846WNO+IzWMwCoHTSi","c6kkdXjzhJTpj1FBmqL43t","c67O9QQyVPBIPEjRvFUK9F","c81dauKntNMr0wxv4Gc9Sm","c9tfkb1btGlJlTTOlo6VAE","caCBUYpgFAS7g8GSb5bp7X","caM7CDJSxE4YD95lvGFKxN","ca/YphPdFH2blEr9lr7VzA","cbyiIb4tZGrrD10X+OQzmj","cclXmAF89PXIFIVDOAFNIY","cd7owTKixJP7Z6x8wFIcoq","cedzeRziZKUq5yOP32C9Fh","ce+DlNbU5NFpcxYkbUM3DV","cfj4tysghJT4t+it7p82Ov","d0TB8l07hOzoWjcD10SOnk","d0hNiBXj5PbLOOIzgY4N0o","d01oPOP/xPhqswK9JBPvAY","d1dUZjQQZCtYmnkMag5cy2","d2lLfr84FCw6t6vUfIgJpP","d4O+12bUxH144WXJK7l/5j","d4vbJC8o1OaqUUSnNMiNp/","d41LpYGNBFB7dYcwd/sSwW","d5CcpzCLNKDLUoXnQl6Aeg","d6gPNv6tJM/Jsf0yZuEj+L","d78yDDxNVFAKq0B6FFyA8v","d79mc8l2FC0YdkUxaqa64h","d8hFyea21G9b6Eep1z7HZu","d8us3ZnL9Mnr5C91NNusj+","d80+ecHNZIlr8snI+X0aRR","d9lpdxIlhIfaPMFTyivtaB","daScxNDxBHypSDhT7WFViZ","daTCdid4dPAo4es5U7W2VA","db8pB19+VALY0iMRAdeq1x","ddX5gitVBEfqVhC1wEylY7","deI8NU+4ZPQ5Isc7/sD8lz","deXBu4J+5DnJoTHAX6Izn7","dekCrG661ERIH1LBiXDkip","e2m+6njFhDKqZtXekaV+B+","e2vzpV481DCp63HLvIwgNd","e3ZUeLNw1KV7MYTSs+11Aa","e3hIumr8tD84WinJpiN9KD","e3mZqm40BJ+KcmVAQXM9Yy","e3uN3o3l9Mn4FIADkq3Lez","e4Tdekda5FV64OW8lCbm8U","e5yPCkpwZGJ6Ag3INSaLEN","e7sC2EgX5E/YlzMinzlC0d","e7wPLNvUVDkarQZlMhHz3z","e8i4n7yn9Bn6HA00M/5mJ0","e9e4XfmrBHdIIL0EaqOJrF","ebb4xQEGBFtZTOhHEVuBA/","eb7kePw6JFh723kyQJxDUI","eccT3XVedFS79oo7WtM4lz","ecwEL0yi5GmoEdM7sND1MB","edSqWF5aZODqBtmEVl6P0x","eeROGa1c1Ano4GovTb83Xi","eelyEc5VVHvrgL3sGBLs+n","f0K0IH8ldBja2qHGarTDJo","f0s5J5kHhDWp7oBgdnzJCR","f1DlI94+hEVZOR4nTNptLw","f1Gf6VlSBD/bLXJx7Azcag","f2APJmXBhG+4Uj0xBCqYXu","f2Q2hRJJdJU5HMRTeyZBp2","f2Uwlj9KxG3ohp/PfmnWgT","f3jO4SsE1EHokMNLXHR3Me","f6VjxKBAxGPadtL8zUb2yh","f6fkFP9f9HqZslL0hRVbJi","f6nKm2snZNKZq6b0XmPnoD","f64nE+SgtDEL7b4dBH8MFl","f7LI4U5T5FQp+pDLeqza+l","f7uNcMM7RFJYJT9l3B3FBk","f8qFOKljRBq7NI3ln1c+hj","fdDvuXqMxMpLzdTI3s+7rA","fdcoY7s+ZHOKcrv/XXIkU1","feK+emWBRIQKKqntiG0Khc","fewCx1aqtOfLca9S4+5FCc","ecpdLyjvZBwrvm+cedCcQy"],"scenes":{},"redirect":[390,0],"deps":["internal"],"packs":{"0172281f8":[190,373],"01739bd99":[138,229,291,302,330],"01d104523":[123,264],"01fc67433":[162,179,216,219,313],"026e012d4":[55,258],"0302854bc":[242,252,327,377],"03ba55425":[71,87,159],"0420cd9f0":[105,263,279],"047c3a162":[66,317],"04c94a90a":[188,328,366],"04f759c98":[56,77,86,109,183,199,241,286],"065069650":[143,349],"071586242":[240,348,365],"07684d6f3":[59,156,208,383],"07aac43ec":[93,147,174,311],"07d64d562":[76,125,132,137,173,184,186,214,251,253,273,275,288,334,353,375,381,385],"0851c4217":[133,180],"08d9e6a7b":[62,207],"0908e83d0":[85,135,337,363],"095612a61":[102,185],"0aa729d8f":[68,209,233,238,351],"0b0a06043":[128,285,379],"0c5722339":[303,332],"0cc66b746":[101,203,232],"0dc0a1200":[149,177],"0dc815aa7":[81,111,146,342,359,360],"0df3c91ce":[301,304],"0e500d2f5":[270,289],"0e969824f":[236,239],"0fb6847b0":[108,172,187],"0fb7ce710":[0,1,2,3,74,78,82,83,4,84,88,90,91,5,92,94,96,97,98,7,8,9,10,11,12,14,15,17,18,19,20,21,22,23,26,27,28,29,30,31,32,34,35,36,37,38,39,41,42,43,45,46,47,48,49]},"name":"resources","importBase":"import","nativeBase":"native","debug":false,"isZip":false,"encrypted":false,"versions":{"import":[50,"dbe99","0172281f8","c153d","01739bd99","74c8b","01d104523","5b0f2","01fc67433","eb651",51,"ed66d","026e012d4","5c771",52,"8bd2e",53,"43cfa","0302854bc","e3c65",54,"53f1d","03ba55425","37521","0420cd9f0","39947",57,"b9d0f",58,"ad768","047c3a162","ceddc","04c94a90a","4bf76","04f759c98","3b786",60,"b09b3",61,"92c90","065069650","9c6a4","071586242","614b4","07684d6f3","e11c1","07aac43ec","12ce1","07d64d562","ecc07","0851c4217","eeaa6",63,"a81c9","08d9e6a7b","f1792","0908e83d0","9a00a","095612a61","3d892",64,"97321","0aa729d8f","12e92",65,"1a64a","0b0a06043","8599b",67,"f165e","0c5722339","a7536","0cc66b746","ead8b",69,"2114e","0dc0a1200","f66cf","0dc815aa7","217ba",70,"0d288","0df3c91ce","34f57","0e500d2f5","80cf2","0e969824f","98608",72,"3b7e3",73,"70c14","0fb6847b0","36362","0fb7ce710","7ad08",75,"af550",79,"886d1",80,"7e4c7",89,"29265",95,"4d2f5",6,"1c3c7",99,"acd5e",100,"d11a5",103,"2674b",104,"8ae31",106,"0abd6",107,"97915",110,"7bfbf",112,"81f07",113,"754d0",114,"47918",115,"e0f0f",116,"b61e4",117,"6e133",118,"b719f",119,"c1e50",120,"dfe83",121,"1b1c4",122,"8fef8",124,"e7d9b",126,"45e10",127,"65de9",129,"b02cb",130,"e773e",131,"aaa1a",134,"e0f72",136,"a1935",139,"415d4",140,"7c8d4",141,"7ec9c",142,"c288e",144,"1bf16",145,"201b3",148,"d8126",150,"01fed",151,"10c09",152,"de026",153,"9de68",154,"74b2f",155,"2e624",157,"76dfe",158,"876d1",160,"4c27a",161,"b0242",163,"75a59",164,"22d61",165,"841bd",166,"96220",167,"77e10",168,"4262c",169,"cbe60",170,"4a02c",171,"c749f",175,"0129b",176,"0fcaf",178,"cc33d",13,"fe39c",181,"9f272",182,"36699",16,"91d36",189,"5f906",191,"fd4cc",192,"78750",193,"96773",194,"be171",195,"0d049",196,"5f8c5",197,"23ff5",198,"02a97",200,"7495a",201,"62047",202,"d84f3",204,"1b982",205,"b8308",206,"ec941",210,"08bd6",211,"c6cab",212,"4ed28",213,"e9501",215,"4445f",217,"23ef8",218,"4d1f5",220,"9d548",221,"204b5",222,"6d3c2",223,"13271",224,"deb66",225,"74ebe",226,"aaeee",227,"edc2e",228,"177d2",230,"e10ae",231,"6d8f1",234,"057a2",235,"01ae8",237,"c744a",243,"24e32",244,"48dbd",245,"99127",246,"08676",247,"072b9",248,"3a10a",249,"7f904",250,"eb011",254,"edf60",255,"80385",256,"666a2",257,"45074",259,"0952f",260,"5bdc4",261,"8b9ba",262,"998cd",265,"526c3",266,"56032",267,"12dbc",268,"e5036",269,"770fa",271,"b5a20",272,"37b83",274,"35e81",276,"1b277",277,"03c71",278,"6e1ad",280,"85983",281,"36731",282,"bb36f",283,"59464",24,"c160e",284,"84742",25,"7c996",287,"49409",290,"6aa66",292,"2e0ea",293,"13838",294,"a732f",295,"71677",296,"c25b1",297,"d0d80",298,"ebdb8",299,"b5822",300,"16cb3",305,"c9a34",306,"cf3f6",307,"b61ac",308,"29041",33,"d31b0",309,"b8ba1",310,"5baf3",312,"356d5",314,"e893f",315,"03e23",316,"f7c1a",318,"06cd4",319,"31698",320,"e0bdb",321,"b1194",322,"e4ec1",323,"77c56",324,"a5dea",325,"2fff5",326,"d51c8",329,"98b0a",331,"cd821",333,"172a9",335,"4d647",336,"6a011",338,"42215",339,"df097",340,"5d554",341,"f4671",343,"57bdb",344,"112ca",345,"6c019",346,"5f168",347,"91c2d",40,"39987",350,"4844c",352,"65e0b",354,"b7a2f",355,"1f0f2",356,"e3ca3",357,"5d527",358,"b7a21",361,"b7e0f",362,"e5d90",44,"1135c",364,"2a2a5",367,"fd537",368,"2dd69",369,"411a2",370,"a4af5",371,"8af0e",372,"d0db1",374,"e2273",376,"a5768",378,"81d8c",380,"09252",382,"0ae0d",384,"aa359",386,"98665",387,"bdf82",388,"313fa",389,"c3598"],"native":[0,"9de3f",1,"5976a",2,"af71d",3,"1eedf",74,"37ffc",78,"174ad",82,"47bda",83,"89ec8",4,"1c390",84,"efce1",88,"9c042",90,"be4d8",91,"747e5",5,"8a0e8",92,"34861",94,"ef17e",96,"4c989",97,"d84a1",6,"c2de0",98,"4a797",7,"436bf",8,"35505",9,"99a10",10,"6f548",11,"63a36",12,"d2d3d",13,"6b19e",14,"3a246",15,"acceb",16,"e22e5",17,"9f6f5",18,"be7e7",19,"1d1ff",20,"94e71",21,"f9980",22,"7e74e",23,"20213",24,"61822",25,"320a1",26,"5ad46",27,"066c6",28,"4e1b2",29,"13700",30,"02ebb",31,"fa975",32,"9ffe7",33,"9dfe5",34,"8b6ba",35,"b5cd1",36,"73c3b",37,"e633d",38,"d4350",39,"7fba9",40,"b659e",41,"9e104",42,"2322f",43,"785aa",44,"e0b47",45,"675b6",46,"d89b8",47,"f994c",48,"ed7cb",49,"eb6cd"]}}