[1,["ecpdLyjvZBwrvm+cedCcQy","55NNX3fsZMuLqGYpr9Xu3j","70vzj+wUpDCYqBarNpfDPw","c4UiBFsvtEm6acFg81Lqqw","0ebcHTQEdKMbfFqqHTOymD","77rRGcvfdDxLswK5qRrZ0W","46FWiU0d1Nj5hhcpBqTO3m","54vC5F5BhLG65EflQBKpvv","58WSKjpTtASLJBpPs0KjiE","13f126586","c6t14x5VlJu5/3MfhSUvmC","c2OA6zNXtMObLyAFLJ6l8L","ddX5gitVBEfqVhC1wEylY7","86hSibRLBMK7dDuPf0gUDb","181XfOF1pL6oreB8AIMV+q","44NWS/3p9FI79OM7/cVFqI","cbyiIb4tZGrrD10X+OQzmj","0d2mK4+fxJHbKeGLpVcYAj","05jApQ7d1EaIRERIimgN9Y","6aCUv5159DKLfgdBtag+cm","f7LI4U5T5FQp+pDLeqza+l","43BmqJGSRBpoQpF9m0TWh2","14fvDxDb1JVb8qgyzo5B7p"],["node","_spriteFrame","root","_N$file","_textureSetter","_defaultClip","MoreGameLayer","data","_parent"],[["cc.Node",["_name","_objFlags","_active","_prefab","_contentSize","_components","_parent","_trs","_children","_color","_anchorPoint"],0,4,5,9,1,7,2,5,5],["cc.Sprite",["_sizeMode","_type","node","_materials","_spriteFrame"],1,1,3,6],["cc.PrefabInfo",["fileId","root","asset"],2,1,1],"cc.SpriteFrame",["cc.Button",["zoomScale","node"],2,1],["cc.Label",["_string","_fontSize","_isSystemFontUsed","_N$horizontalAlign","_N$verticalAlign","_lineHeight","node","_materials","_N$file"],-3,1,3,6],["cc.Prefab",["_name"],2],["cc.Animation",["playOnLoad","node","_clips","_defaultClip"],2,1,3,6],["68134te5KVPTIY4xwbCHdbz",["node","MoreGameLayer"],3,1,6],["276b9ibrLxN8Jcv0CidKIPC",["_enabled","maxTime","shareTags","node","colorNormal","colorRecording"],0,1,5,5],["cc.Layout",["_resize","_N$layoutType","_N$spacingX","node","_layoutSize"],0,1,5],["cc.Widget",["_alignFlags","_left","_right","_top","_bottom","_originalWidth","_originalHeight","node"],-4,1],["cc.LabelOutline",["_width","node","_color"],2,1,5],["bedd4wh7tlEqIqUq+jMkTWZ",["node"],3,1]],[[2,0,1,2],[1,2,3,4,1],[2,0,1,2,2],[0,0,6,5,3,4,7,2],[0,0,1,6,5,3,4,10,7,3],[0,0,6,8,5,3,4,7,2],[1,1,0,2,3,4,3],[0,0,2,6,8,5,3,4,7,3],[5,0,1,5,2,3,4,6,7,8,7],[0,0,6,5,3,4,2],[0,0,1,6,5,3,4,3],[4,1,1],[4,0,1,2],[12,0,1,2,2],[0,0,1,6,5,3,4,7,3],[7,0,1,2,3,2],[8,0,1,1],[5,0,1,2,3,4,6,7,8,6],[11,0,1,2,3,4,5,6,7,8],[6,0,2],[0,0,8,3,4,2],[0,0,6,5,3,9,4,7,2],[0,0,5,3,9,4,7,2],[2,1,2,1],[9,0,1,2,3,4,5,4],[1,0,2,3,4,2],[1,2,3,1],[10,0,1,2,3,4,4],[13,0,1]],[[[{"name":"UI42","rect":[674,355,56,61],"offset":[0,0],"originalSize":[56,61],"capInsets":[30,32,14,15]}],[3],0,[0],[4],[9]],[[{"name":"UI43","rect":[9,0,183,167],"offset":[0.5,3],"originalSize":[200,173],"capInsets":[0,0,0,0]}],[3],0,[0],[4],[10]],[[[19,"GamePassLayer"],[20,"GamePassLayer",[-2,-3,-4,-5,-6,-7],[23,-1,0],[5,750,1334]],[7,"MoreGameWXNode",false,1,[-12,-13,-14,-15,-16],[[15,true,-9,[52],51],[16,-10,53],[11,-11]],[0,"0bVUFW2WxPoKXtQo8G2GW9",-8],[5,120,120],[-290,50,0,0,0,0,1,1,1,1]],[7,"MoreGameWXNode",false,1,[-21,-22,-23,-24,-25],[[15,true,-18,[65],64],[16,-19,66],[11,-20]],[0,"f6Bcgd+YZFsZuCPms/9aCj",-17],[5,120,120],[290,50,0,0,0,0,1,1,1,1]],[7,"TTRecordNode",false,1,[-30,-31,-32,-33],[[24,false,15,["游戏"],-27,[4,4294967295],[4,4294967295]],[6,1,0,-28,[39],40],[11,-29]],[0,"9a55mwRR1Iw4P9Nc4BtaSW",-26],[5,100,80],[280,80,0,0,0,0,1,1,1,1]],[5,"bg",1,[-35,-36,-37,-38,-39],[[6,1,0,-34,[29],30]],[2,"352p34FrtMWKCG1f8+ekgf",1,0],[5,750,692],[0,100,0,0,0,0,1,1,1,1]],[5,"btns",5,[-41,-42,-43],[[27,1,1,40,-40,[5,358,100]]],[2,"04oAguIddBGbnFbydgbFCW",1,0],[5,358,100],[0,-200,0,0,0,0,1,1,1,1]],[5,"btn_home",6,[-46,-47],[[12,0.95,-44],[1,-45,[15],16]],[2,"d2c8LtrFZGtJPGmljjNjlb",1,0],[5,159,159],[-99.5,0,0,0,0,0,1,1,1,0]],[5,"btn_replay",6,[-50,-51],[[12,0.95,-48],[1,-49,[21],22]],[2,"4e4DP/j8ZDSZvUTxBOA42c",1,0],[5,159,159],[99.5,0,0,0,0,0,1,1,1,0]],[7,"btn_share",false,6,[-54,-55],[[1,-52,[27],28],[12,0.95,-53]],[2,"3bg/mdfGdFO5VvZifPHQpI",1,0],[5,159,159],[199,0,0,0,0,0,1,1,1,0]],[21,"t_msg",5,[[17,"CHAMPION",34,false,1,1,-57,[2],3],[18,41,282.775,282.775,238.063,162.37,206,76.83999999999999,-58]],[0,"04NG5NYnFPR5vilyMdphDE",-56],[4,4278190080],[5,184.45000000000005,50.4],[0,82.73700000000001,0,0,0,0,1,1,1,1]],[22,"t_msg",[[17," passing all levels!",34,false,1,1,-60,[6],7],[18,41,70.15,70.15,63.80000000000001,162.37,206,76.83999999999999,-61]],[0,"4afrLJ58tAmKjC8SCCJ8s9",-59],[4,4278190080],[5,309.7,50.4],[0,-19.00000000000001,0,0,0,0,1,1,1,1]],[3,"language",7,[[8,"HOME",32,32,false,1,1,-63,[13],14],[13,2,-64,[4,4278190080]]],[0,"c5DpQtC/5IormQVu9z+HOh",-62],[5,99.87,44.32],[0,-70,0,0,0,0,1,1,1,1]],[3,"language",8,[[8,"REDO",32,32,false,1,1,-66,[19],20],[13,2,-67,[4,4278190080]]],[0,"025djQoGlINKHpub3STW7O",-65],[5,92.99,44.32],[0,-70,0,0,0,0,1,1,1,1]],[3,"language",9,[[8,"分享",32,32,false,1,1,-69,[25],26],[13,2,-70,[4,4278190080]]],[0,"7c+ToGXDRPLYrs1ZJvfDgT",-68],[5,68,44.32],[0,-70,0,0,0,0,1,1,1,1]],[9,"WXCustomAdFull",1,[[6,1,0,-72,[67],68],[28,-73]],[0,"4dMw6OPzpIg7GhSyF6gmuN",-71],[5,750,1100]],[5,"UI42",5,[11],[[6,1,0,-74,[8],9]],[2,"85FbVPIQFMZLkpao5F1iAV",1,0],[5,450,140],[0,-35.62,0,0,0,0,1,1,1,1]],[3,"bg5",1,[[6,1,0,-75,[0],1]],[2,"17jwR5iKFE4qVuVLDly1Tl",1,0],[5,750,700],[0,50,0,0,0,0,1,1,1,1]],[3,"UI43",5,[[25,0,-76,[4],5]],[2,"e8yEc/qZ5MZKXrRIb+LX10",1,0],[5,483,442],[0,330,0,0,0,0,1,1,1,1]],[3,"UI24",5,[[26,-77,[10]]],[2,"a5GJ2RJtZFOLa3e2pYvgwI",1,0],[5,259,145],[0,330,0,0,0,0,1,1,1,1]],[9,"按钮主页",7,[[1,-78,[11],12]],[2,"52TyjPORdPGYLQctlspQ9x",1,0],[5,89,108]],[9,"按钮重玩",8,[[1,-79,[17],18]],[2,"14C+SOilZK+IqOhgH/I2P0",1,0],[5,101,104]],[3,"按钮分享",9,[[1,-80,[23],24]],[2,"7awtWj7OdGyrmfBpOxiCoB",1,0],[5,103,85],[0,0,0,0,0,0,1,0.7,0.7,1]],[14,"img_video",512,4,[[1,-81,[31],32]],[0,"9ewrOxz9hCW6jaCRqpEBUC",4],[5,60,37],[0,14,0,0,0,0,1,1,1,1]],[14,"t_msg",512,4,[[8,"录制中",24,24,false,1,1,-82,[33],34]],[0,"3agVZOFZJC6Lgc48biNGBH",4],[5,72,30.24],[0,-20,0,0,0,0,1,1,1,1]],[10,"img_share",512,4,[[1,-83,[35],36]],[0,"f39UzaEgtNI5wOAV/knAwG",4],[5,40,40]],[3,"img_red",4,[[1,-84,[37],38]],[0,"a42mzT3opDFYMw7dvh5f59",4],[5,28,28],[0,24.377,0,0,0,0,1,1,1,1]],[10,"moregamebg",512,2,[[1,-85,[41],42]],[0,"5cpL3NtiFKi5ZwiiiQ+QO3",2],[5,89,68]],[4,"moregamegan",512,2,[[1,-86,[43],44]],[0,"8e0qDlXAZH4ZXhRMHLI+4Z",2],[5,41,71],[0,0.5,0],[0,6,0,0,0,0,1,1,1,1]],[4,"moregame2",512,2,[[1,-87,[45],46]],[0,"6d6fMY91hJGauiB0ICPxFf",2],[5,15,20],[0,0.5,0],[25,-11.547,0,0,0,0,1,1,1,1]],[4,"moregame1",512,2,[[1,-88,[47],48]],[0,"38poxy/z1BIqx4cGa/WpqR",2],[5,15,20],[0,0.5,0],[-25,-11.547,0,0,0,0,1,1,1,1]],[4,"moregamename",512,2,[[1,-89,[49],50]],[0,"33iSXXIbBNqruQUgZgzoRo",2],[5,117,36],[0,0.5,0],[0,-48.27,0,0,0,0,1,1,1,1]],[10,"moregamebg",512,3,[[1,-90,[54],55]],[0,"5cpL3NtiFKi5ZwiiiQ+QO3",3],[5,89,68]],[4,"moregamegan",512,3,[[1,-91,[56],57]],[0,"8e0qDlXAZH4ZXhRMHLI+4Z",3],[5,41,71],[0,0.5,0],[0,6,0,0,0,0,1,1,1,1]],[4,"moregame2",512,3,[[1,-92,[58],59]],[0,"6d6fMY91hJGauiB0ICPxFf",3],[5,15,20],[0,0.5,0],[25,-11.547,0,0,0,0,1,1,1,1]],[4,"moregame1",512,3,[[1,-93,[60],61]],[0,"38poxy/z1BIqx4cGa/WpqR",3],[5,15,20],[0,0.5,0],[-25,-11.547,0,0,0,0,1,1,1,1]],[4,"moregamename",512,3,[[1,-94,[62],63]],[0,"33iSXXIbBNqruQUgZgzoRo",3],[5,117,36],[0,0.5,0],[0,-48.27,0,0,0,0,1,1,1,1]]],0,[0,2,1,0,-1,17,0,-2,5,0,-3,4,0,-4,2,0,-5,3,0,-6,15,0,2,2,0,0,2,0,0,2,0,0,2,0,-1,27,0,-2,28,0,-3,29,0,-4,30,0,-5,31,0,2,3,0,0,3,0,0,3,0,0,3,0,-1,32,0,-2,33,0,-3,34,0,-4,35,0,-5,36,0,2,4,0,0,4,0,0,4,0,0,4,0,-1,23,0,-2,24,0,-3,25,0,-4,26,0,0,5,0,-1,10,0,-2,18,0,-3,16,0,-4,19,0,-5,6,0,0,6,0,-1,7,0,-2,8,0,-3,9,0,0,7,0,0,7,0,-1,20,0,-2,12,0,0,8,0,0,8,0,-1,21,0,-2,13,0,0,9,0,0,9,0,-1,22,0,-2,14,0,2,10,0,0,10,0,0,10,0,2,11,0,0,11,0,0,11,0,2,12,0,0,12,0,0,12,0,2,13,0,0,13,0,0,13,0,2,14,0,0,14,0,0,14,0,2,15,0,0,15,0,0,15,0,0,16,0,0,17,0,0,18,0,0,19,0,0,20,0,0,21,0,0,22,0,0,23,0,0,24,0,0,25,0,0,26,0,0,27,0,0,28,0,0,29,0,0,30,0,0,31,0,0,32,0,0,33,0,0,34,0,0,35,0,0,36,0,7,1,11,8,16,94],[0,0,0,0,0,0,0,0,0,0,0,0,0,0,0,0,0,0,0,0,0,0,0,0,0,0,0,0,0,0,0,0,0,0,0,0,0,0,0,0,0,0,0,0,0,0,0,0,0,0,0,0,0,0,0,0,0,0,0,0,0,0,0,0,0,0,0,0,0],[-1,1,-1,3,-1,1,-1,3,-1,1,-1,-1,1,-1,3,-1,1,-1,1,-1,3,-1,1,-1,1,-1,3,-1,1,-1,1,-1,1,-1,3,-1,1,-1,1,-1,1,-1,1,-1,1,-1,1,-1,1,-1,1,5,-1,6,-1,1,-1,1,-1,1,-1,1,-1,1,5,-1,6,-1,1],[0,11,0,1,0,12,0,1,0,13,0,0,14,0,1,0,4,0,15,0,1,0,4,0,16,0,1,0,4,0,17,0,18,0,1,0,19,0,20,0,21,0,5,0,6,0,2,0,2,0,7,3,3,8,0,5,0,6,0,2,0,2,0,7,3,3,8,0,22]]]]