[1,["f4X9YH0cZAiZp8XPOVb046","bdjE2prW5HLLFHQjYForIT","fbxjxgr0FDjI6bD7AHZxIx","ddFhmL7sNO0aBkpXl7zdsy"],["_textureSetter"],["cc.SpriteFrame"],0,[[[{"name":"ttvideo","rect":[0,0,60,37],"offset":[0,0],"originalSize":[60,37],"capInsets":[0,0,0,0]}],[0],0,[0],[0],[0]],[[{"name":"button2","rect":[0,0,96,88],"offset":[0,0],"originalSize":[96,88],"capInsets":[25,25,25,25]}],[0],0,[0],[0],[1]],[[{"name":"ttvideoshare","rect":[0,0,40,40],"offset":[0,0],"originalSize":[40,40],"capInsets":[0,0,0,0]}],[0],0,[0],[0],[2]],[[{"name":"red","rect":[1,1,28,28],"offset":[0,0],"originalSize":[30,30],"capInsets":[0,0,0,0]}],[0],0,[0],[0],[3]]]]