[1,["ecpdLyjvZBwrvm+cedCcQy","42/h+HjHdPfKcrwFFVmyoy","83L/X9y8tEDaVyoFJNbedQ","70vzj+wUpDCYqBarNpfDPw","c4UiBFsvtEm6acFg81Lqqw","13f126586","eccT3XVedFS79oo7WtM4lz","1dR+IO3QpGy4m6PtQ0GGiw","002MzQsDVCf619vYEalw15","55NNX3fsZMuLqGYpr9Xu3j","77rRGcvfdDxLswK5qRrZ0W","46FWiU0d1Nj5hhcpBqTO3m","54vC5F5BhLG65EflQBKpvv","58WSKjpTtASLJBpPs0KjiE","68lQaW9WZDA6lnVqtV85Y+","08gQ9WVMFNk7hf1lwyxPnn","6bzmv+kMxPGqjSzt1YgVOX","78TsTqI71McLb2vn/5ryL9","34epXprlZAZJQiqg/6Cp0h","bfe8uSB6hACqu38aOKSAYs","5cThlhiL9PbYbnan+7ntyL","cfj4tysghJT4t+it7p82Ov","3e2EPiB75EELY3NhPZ0sgx","14fvDxDb1JVb8qgyzo5B7p","1f90ae399"],["node","_spriteFrame","root","_textureSetter","_defaultClip","_N$file","MoreGameLayer","data","_parent"],[["cc.Node",["_name","_objFlags","_active","_prefab","_parent","_contentSize","_components","_children","_trs","_anchorPoint","_eulerAngles","_color"],0,4,1,5,9,2,7,5,5,5],["cc.Sprite",["_type","_sizeMode","node","_materials","_spriteFrame"],1,1,3,6],"cc.SpriteFrame",["cc.PrefabInfo",["fileId","root","asset"],2,1,1],["cc.Label",["_string","_isSystemFontUsed","_N$horizontalAlign","_N$verticalAlign","_fontSize","_lineHeight","node","_materials","_N$file"],-3,1,3,6],["cc.Prefab",["_name"],2],["cc.Animation",["playOnLoad","node","_clips","_defaultClip"],2,1,3,6],["68134te5KVPTIY4xwbCHdbz",["node","MoreGameLayer"],3,1,6],["cc.Button",["node"],3,1],["cc.Widget",["_alignFlags","_originalWidth","_originalHeight","node"],0,1],["bedd4wh7tlEqIqUq+jMkTWZ",["node"],3,1],["cc.PolygonCollider",["node","points"],3,1,12]],[[3,0,1,2,2],[1,2,3,4,1],[3,0,1,2],[0,0,4,6,3,5,8,2],[0,0,1,4,6,3,5,9,8,3],[0,0,4,7,6,3,5,8,2],[0,0,4,6,3,5,2],[0,0,4,6,3,5,9,8,10,2],[1,2,3,1],[11,0,1,1],[6,0,1,2,3,2],[1,0,1,2,3,4,3],[0,0,2,4,7,6,3,5,8,3],[0,0,4,7,3,8,2],[0,0,1,4,6,3,5,3],[7,0,1,1],[8,0,1],[1,1,2,3,4,2],[5,0,2],[0,0,7,3,5,2],[0,0,4,7,6,3,5,9,2],[0,0,4,7,6,3,5,2],[0,0,4,7,3,5,8,2],[0,0,7,3,2],[0,0,4,6,3,11,5,2],[0,0,4,7,3,2],[0,0,4,6,3,5,9,2],[3,1,2,1],[1,0,2,3,4,2],[9,0,1,2,3,4],[10,0,1],[4,0,4,5,1,2,3,6,7,8,7],[4,0,1,2,3,6,7,8,5]],[[[{"name":"手指","rect":[289,137,239,185],"offset":[5,-9.5],"originalSize":[249,204],"capInsets":[0,0,0,0]}],[2],0,[0],[3],[5]],[[{"name":"UI36","rect":[610,355,68,58],"offset":[0,0],"originalSize":[68,58],"rotated":1,"capInsets":[25,25,25,25]}],[2],0,[0],[3],[5]],[[[18,"GuideDragLayer"],[19,"GuideDragLayer",[-2,-3,-4,-5,-6,-7,-8],[27,-1,0],[5,750,1334]],[12,"MoreGameWXNode",false,1,[-13,-14,-15,-16,-17],[[10,true,-10,[63],62],[15,-11,64],[16,-12]],[2,"0chE+yAX1DsYcnBblPz6hr",-9],[5,120,120],[-290,50,0,0,0,0,1,1,1,1]],[12,"MoreGameWXNode",false,1,[-22,-23,-24,-25,-26],[[10,true,-19,[76],75],[15,-20,77],[16,-21]],[2,"47Hy0DmQlHg5bLiKwktKHH",-18],[5,120,120],[290,50,0,0,0,0,1,1,1,1]],[20,"guideAnimNode",1,[-28,-29,-30,-31,-32,-33,-34,-35,-36,-37],[[10,true,-27,[45],44]],[0,"589q7Uhp1P75RERRd3VFUv",1,0],[5,1000,1000],[0,0,0]],[13,"Role2",4,[-39],[2,"d7iweW5/JBlKXMngz6QZ9T",-38],[-150,50,0,0,0,0,1,1,1,1]],[13,"node",4,[-40,-41,-42,-43,-44],[0,"c5pWf7PUpN0LhVooRcPCKK",1,0],[-175,-280,0,0,0,0,1,1.3,1.3,1.3]],[21,"img",1,[-47],[[11,1,0,-45,[2],3],[29,45,750,1700,-46]],[0,"79lHaPleVL/4gvS2Dcs8E7",1,0],[5,750,1334]],[5,"ObjFixed",4,[-49,-50],[[8,-48,[17]]],[0,"6cjBzWUz1NYqNAL4KulN4Y",1,0],[5,100,100],[150,50,0,0,0,0,1,1,1,1]],[22,"atknode",4,[-51,-52,-53],[0,"8ajvasJARPiKbsjtC9Cyfh",1,0],[5,230,230],[216,-280,0,0,0,0,1,1,1,1]],[6,"WXCustomAdFull",1,[[11,1,0,-55,[78],79],[30,-56]],[2,"67vmNBMlZDf4cG6BT4NBSZ",-54],[5,750,1100]],[5,"ObjFixed",4,[-58],[[8,-57,[6]]],[0,"34rWrVoBNPrZlruPQNe6Wm",1,0],[5,100,100],[-150,50,0,0,0,0,1,1,1,1]],[5,"ObjFixed",4,[-60],[[8,-59,[9]]],[0,"d8QSYMiI5E25IAuFsG1K4v",1,0],[5,100,100],[-50,50,0,0,0,0,1,1,1,1]],[5,"ObjFixed",4,[-62],[[8,-61,[12]]],[0,"0bUSLyOq9MgpRkk2Tc1X5v",1,0],[5,100,100],[50,50,0,0,0,0,1,1,1,1]],[23,"body",[-63,-64],[2,"c9D7Wrk0pOL6mq7L29p7Ok",5]],[7,"btn_left",6,[[1,-65,[32],33],[9,-66,[[[0,0,100],[0,0,0],[0,100,0],[0,100,100]],8,8,8,8]]],[0,"17TQ8yJ2dNFow6fuFue5kU",1,0],[5,93,93],[0,0,0],[-2,0,0,0,0,0.9238795325112867,0.38268343236508984,0.9,0.9,0],[1,0,0,135]],[7,"btn_right",6,[[9,-67,[[[0,0,100],[0,0,0],[0,100,0],[0,100,100]],8,8,8,8]],[1,-68,[34],35]],[0,"efrHp7JEVHyZ32ff7KxJkH",1,0],[5,93,93],[0,0,0],[2,0,0,0,0,-0.3826834323650898,0.9238795325112867,0.9,0.9,0],[1,0,0,-45]],[7,"btn_top",6,[[9,-69,[[[0,0,100],[0,0,0],[0,100,0],[0,100,100]],8,8,8,8]],[1,-70,[36],37]],[0,"43toOpeA9O6K0NQj+5bN7c",1,0],[5,93,93],[0,0,0],[0,2,0,0,0,0.3826834323650898,0.9238795325112867,0.9,0.9,0],[1,0,0,45]],[7,"btn_bottom",6,[[9,-71,[[[0,0,100],[0,0,0],[0,100,0],[0,100,100]],8,8,8,8]],[1,-72,[38],39]],[0,"82OyExChFBE4mvshv/b5Xu",1,0],[5,93,93],[0,0,0],[0,-2,0,0,0,-0.9238795325112867,0.38268343236508984,0.9,0.9,0],[1,0,0,-135]],[3,"language",1,[[31,"Tongue pulling teaching",50,50,false,1,1,-74,[46],47]],[2,"ebwVLjc1pNbJmijegqHpZc",-73],[5,602.64,63],[0,200,0,0,0,0,1,1,1,1]],[5,"btn_ok",1,[-76],[[11,2,0,-75,[50],51]],[0,"e2YOxOuaZIRqt6/IWNYqcm",1,0],[5,300,90],[0,-100,0,0,0,0,1,1,1,1]],[24,"language",20,[[32,"Got it!",false,1,1,-78,[48],49]],[2,"69uyNf7yROfpeNEAuLOJKo",-77],[4,4278190080],[5,126.12,50.4]],[3,"img",7,[[1,-79,[0],1]],[0,"acQIsZ3CBOwr7K9kBmXMcX",1,0],[5,339,544],[0,70,0,0,0,0,1,2,2,1]],[3,"titl1",11,[[1,-80,[4],5]],[0,"51qQHi4QZB3ZOREVUh/IuY",1,0],[5,108,132],[0,-12,0,0,0,0,1,1,1,1]],[3,"titl1",12,[[1,-81,[7],8]],[0,"8dlVs9JMRCDaYGhSw2GE3U",1,0],[5,108,132],[0,-12,0,0,0,0,1,1,1,1]],[3,"titl1",13,[[1,-82,[10],11]],[0,"basmcNpa9KbrocJNQROCHJ",1,0],[5,108,132],[0,-12,0,0,0,0,1,1,1,1]],[3,"titl1",8,[[1,-83,[13],14]],[0,"66dcg+IN1MY4d4NxCX+lMd",1,0],[5,108,132],[0,-12,0,0,0,0,1,1,1,1]],[6,"石头",8,[[1,-84,[15],16]],[0,"c4sfm9+h9BJYg8m76WzJHd",1,0],[5,78,78]],[25,"node",5,[14],[2,"33F3Azi0pPcIklahJI1zyl",5]],[26,"mouth",14,[[28,1,-85,[18],19]],[2,"9e+X4eN1tHZ62TmrS7yg6b",5],[5,62,58],[0,0,0.5]],[3,"animNode",14,[[1,-86,[20],21]],[2,"73wLiJQKxHVrgFPuh1D7bi",5],[5,190,140],[0,0,0,0,0,0,1,0.6,0.6,1]],[3,"add1",4,[[1,-87,[22],23]],[0,"0fOZWInIdG84SgbxpWP4rR",1,0],[5,56,39],[44.041,90,0,0,0,0,1,1,1,1]],[6,"game_operate3",9,[[17,0,-88,[24],25]],[0,"c5GGCG5KpC+IKMVDhoRIF0",1,0],[5,230,230]],[3,"img_attack_up",9,[[1,-89,[26],27]],[0,"7fXeLxkSpPfq71KaRjwAdb",1,0],[5,93,95],[0,0,0,0,0,0,1,1,1,0]],[3,"img_attack_down",9,[[1,-90,[28],29]],[0,"eeifYFQN5MN4TGETcr/tmq",1,0],[5,103,106],[0,0,0,0,0,0,1,1,1,0]],[6,"game_operate3",6,[[17,0,-91,[30],31]],[0,"d1WEVd7iJE6IEjiXQ73G9/",1,0],[5,260,260]],[3,"手指1",4,[[1,-92,[40],41]],[0,"c5HK1/KIhFUasn3po/sdMZ",1,0],[5,239,185],[0,-340.776,0,0,0,0,1,1,1,1]],[3,"手指2",4,[[1,-93,[42],43]],[0,"67BgTS8dZLuo934tm1sRMm",1,0],[5,239,185],[314.222,-362.905,0,0,0,0,1,1,1,1]],[14,"moregamebg",512,2,[[1,-94,[52],53]],[2,"5cpL3NtiFKi5ZwiiiQ+QO3",2],[5,89,68]],[4,"moregamegan",512,2,[[1,-95,[54],55]],[2,"8e0qDlXAZH4ZXhRMHLI+4Z",2],[5,41,71],[0,0.5,0],[0,6,0,0,0,0,1,1,1,1]],[4,"moregame2",512,2,[[1,-96,[56],57]],[2,"6d6fMY91hJGauiB0ICPxFf",2],[5,15,20],[0,0.5,0],[25,-11.547,0,0,0,0,1,1,1,1]],[4,"moregame1",512,2,[[1,-97,[58],59]],[2,"38poxy/z1BIqx4cGa/WpqR",2],[5,15,20],[0,0.5,0],[-25,-11.547,0,0,0,0,1,1,1,1]],[4,"moregamename",512,2,[[1,-98,[60],61]],[2,"33iSXXIbBNqruQUgZgzoRo",2],[5,117,36],[0,0.5,0],[0,-48.27,0,0,0,0,1,1,1,1]],[14,"moregamebg",512,3,[[1,-99,[65],66]],[2,"5cpL3NtiFKi5ZwiiiQ+QO3",3],[5,89,68]],[4,"moregamegan",512,3,[[1,-100,[67],68]],[2,"8e0qDlXAZH4ZXhRMHLI+4Z",3],[5,41,71],[0,0.5,0],[0,6,0,0,0,0,1,1,1,1]],[4,"moregame2",512,3,[[1,-101,[69],70]],[2,"6d6fMY91hJGauiB0ICPxFf",3],[5,15,20],[0,0.5,0],[25,-11.547,0,0,0,0,1,1,1,1]],[4,"moregame1",512,3,[[1,-102,[71],72]],[2,"38poxy/z1BIqx4cGa/WpqR",3],[5,15,20],[0,0.5,0],[-25,-11.547,0,0,0,0,1,1,1,1]],[4,"moregamename",512,3,[[1,-103,[73],74]],[2,"33iSXXIbBNqruQUgZgzoRo",3],[5,117,36],[0,0.5,0],[0,-48.27,0,0,0,0,1,1,1,1]]],0,[0,2,1,0,-1,7,0,-2,4,0,-3,19,0,-4,20,0,-5,2,0,-6,3,0,-7,10,0,2,2,0,0,2,0,0,2,0,0,2,0,-1,38,0,-2,39,0,-3,40,0,-4,41,0,-5,42,0,2,3,0,0,3,0,0,3,0,0,3,0,-1,43,0,-2,44,0,-3,45,0,-4,46,0,-5,47,0,0,4,0,-1,11,0,-2,12,0,-3,13,0,-4,8,0,-5,5,0,-6,31,0,-7,9,0,-8,6,0,-9,36,0,-10,37,0,2,5,0,-1,28,0,-1,35,0,-2,15,0,-3,16,0,-4,17,0,-5,18,0,0,7,0,0,7,0,-1,22,0,0,8,0,-1,26,0,-2,27,0,-1,32,0,-2,33,0,-3,34,0,2,10,0,0,10,0,0,10,0,0,11,0,-1,23,0,0,12,0,-1,24,0,0,13,0,-1,25,0,-1,29,0,-2,30,0,0,15,0,0,15,0,0,16,0,0,16,0,0,17,0,0,17,0,0,18,0,0,18,0,2,19,0,0,19,0,0,20,0,-1,21,0,2,21,0,0,21,0,0,22,0,0,23,0,0,24,0,0,25,0,0,26,0,0,27,0,0,29,0,0,30,0,0,31,0,0,32,0,0,33,0,0,34,0,0,35,0,0,36,0,0,37,0,0,38,0,0,39,0,0,40,0,0,41,0,0,42,0,0,43,0,0,44,0,0,45,0,0,46,0,0,47,0,7,1,14,8,28,103],[0,0,0,0,0,0,0,0,0,0,0,0,0,0,0,0,0,0,0,0,0,0,0,0,0,0,0,0,0,0,0,0,0,0,0,0,0,0,0,0,0,0,0,0,0,0,0,0,0,0,0,0,0,0,0,0,0,0,0,0,0,0,0,0,0,0,0,0,0,0,0,0,0,0,0,0,0,0,0,0],[-1,1,-1,1,-1,1,-1,-1,1,-1,-1,1,-1,-1,1,-1,1,-1,-1,1,-1,1,-1,1,-1,1,-1,1,-1,1,-1,1,-1,1,-1,1,-1,1,-1,1,-1,1,-1,1,4,-1,-1,5,-1,5,-1,1,-1,1,-1,1,-1,1,-1,1,-1,1,4,-1,6,-1,1,-1,1,-1,1,-1,1,-1,1,4,-1,6,-1,1],[0,14,0,15,0,1,0,0,1,0,0,1,0,0,1,0,16,0,0,17,0,18,0,19,0,6,0,20,0,21,0,6,0,2,0,2,0,2,0,2,0,7,0,7,8,8,0,9,0,9,0,22,0,10,0,11,0,3,0,3,0,12,4,4,13,0,10,0,11,0,3,0,3,0,12,4,4,13,0,23]],[[{"name":"add1","rect":[303,645,56,39],"offset":[2,-3],"originalSize":[60,45],"rotated":1,"capInsets":[0,0,0,0]}],[2],0,[0],[3],[24]]]]