[1,["ecpdLyjvZBwrvm+cedCcQy","12Y+ahmrRD+5NUogz0PXvr","b27xyQiwdBfYpmMia8/od2","38gxn7dz1FO6EQTb3Wpnwj","31OMLxyZlC/aK30YpgPNht","a7PITAtAFN+Ip13+nfIV7D","11XxmhkaxIZJlbzrjkZmZ7","9ft8DLgqJKS54C87SOwjb8","d4O+12bUxH144WXJK7l/5j","5bJpoxOd5Af5ma+h5RQ2tZ","35jZ9Cf+9MNowgLwq8sWzP","38FRu6vmFG7KWIirFkFYqi","93/TqfRrNJl61sKJO9DoCq","f2APJmXBhG+4Uj0xBCqYXu","e2vzpV481DCp63HLvIwgNd","a0QYxpze5HdKR9g0/Y/xig","f8qFOKljRBq7NI3ln1c+hj","70JuNjGVJBGoCe5bGcF47B","50Az7BGOlCdIy1XY9aecGH","92yPv3LH1FLp71irsCYVGE","f6nKm2snZNKZq6b0XmPnoD","aaW2eFHsZIm6i0RGtj7zzf","31PGkazHtOpq7/jeO1ulty","cdjXyrOiFMVo8q3u7cc1tc","aceq0tSYFC/aXHvQKqsU5X","0ewz96FlBGSbg0govy/6WQ","1cRHrVbGVP4KMSdPE5XPxC","c1blklCidN7oW8HNjcS8eG","a9mVzaqIFCgL/fX5POho4U","9fqdwjZvVNX6FN2Df3x36c","dfsSU9ontHNrNrMk8uh3Gf","17dx3xNPRGCr68ZNIYe8NR","26hWVaMoFJtImgWGMq9WSM","b2lOaomnBOdLr+swdGAKYV","ef/ij4dTVGRowgzjo5qyiP"],["node","_spriteFrame","root","_textureSetter","_parent","data"],["cc.SpriteFrame",["cc.Node",["_name","_opacity","_components","_prefab","_contentSize","_parent","_children","_color","_trs"],1,9,4,5,1,2,5,7],["cc.PrefabInfo",["fileId","root","asset"],2,1,1],["cc.Sprite",["_type","_sizeMode","node","_materials","_spriteFrame"],1,1,3,6],["cc.Prefab",["_name"],2],["cc.Layout",["_N$layoutType","_N$paddingLeft","_N$spacingX","_N$spacingY","node","_layoutSize"],-1,1,5],["7d8f8LmKiRCtY0BGLULlsEJ",["node"],3,1],["cc.Button",["node"],3,1],["8f0dcLoB2lH9L6BrDRmvUxb",["gameid","node"],2,1],["cc.Label",["_string","_fontSize","_lineHeight","_styleFlags","_N$horizontalAlign","_N$verticalAlign","node","_materials"],-3,1,3],["cc.LabelOutline",["_width","node","_color"],2,1,5],["cc.Widget",["alignMode","_alignFlags","_originalWidth","_originalHeight","node"],-1,1]],[[2,0,1,2],[1,0,5,6,2,3,4,8,2],[3,0,1,2,3,4,3],[1,0,5,2,3,4,2],[3,2,3,4,1],[8,0,1,2],[2,0,1,2,2],[7,0,1],[1,0,6,2,3,4,2],[4,0,2],[1,0,2,3,7,4,2],[1,0,1,5,2,3,7,4,3],[5,0,1,2,3,4,5,5],[2,1,2,1],[6,0,1],[9,0,1,2,3,4,5,6,7,7],[10,0,1,2,2],[11,0,1,2,3,4,5]],[[[{"name":"bgjumpOtherGame","rect":[0,0,30,30],"offset":[0,0],"originalSize":[30,30],"capInsets":[14,14,14,14]}],[0],0,[0],[3],[2]],[[{"name":"wxe695f32ebc1b74bb","rect":[0,0,100,100],"offset":[0,0],"originalSize":[100,100],"capInsets":[0,0,0,0]}],[0],0,[0],[3],[3]],[[{"name":"wxdab9328a4a9ccf4c","rect":[0,0,100,100],"offset":[0,0],"originalSize":[100,100],"capInsets":[0,0,0,0]}],[0],0,[0],[3],[4]],[[{"name":"wxf8acc1f23385b801","rect":[0,0,100,100],"offset":[0,0],"originalSize":[100,100],"capInsets":[0,0,0,0]}],[0],0,[0],[3],[5]],[[{"name":"wx39f5e31692c6c224","rect":[0,0,100,100],"offset":[0,0],"originalSize":[100,100],"capInsets":[0,0,0,0]}],[0],0,[0],[3],[6]],[[[9,"MoreGameLayer"],[8,"Layout",[-3,-4,-5,-6,-7,-8,-9,-10,-11,-12,-13,-14,-15,-16,-17,-18],[[12,3,20,40,40,-2,[5,600,600]]],[6,"29up7Vw/BFN5ExKLmBe0/x",-1,0],[5,600,600]],[8,"MoreGameLayer",[-22,1,-23],[[14,-20],[7,-21]],[13,-19,0],[5,750,1334]],[1,"wxe695f32ebc1b74bb",1,[-28],[[2,1,0,-25,[64],65],[7,-26],[5,"wxe695f32ebc1b74bb",-27]],[0,"6cxdB4WmlJH7FJ1ANtFSHn",-24],[5,110,110],[225,-205,0,0,0,0,1,1,1,1]],[1,"wxf072ed25bf278725",1,[-32],[[2,1,0,-30,[4],5],[5,"wxf072ed25bf278725",-31]],[0,"5fu9PvS+9ML7zQPKAwAqSU",-29],[5,110,110],[-225,245,0,0,0,0,1,1,1,1]],[1,"wxe626f5561a0c9649",1,[-36],[[2,1,0,-34,[8],9],[5,"wxe626f5561a0c9649",-35]],[0,"de/NlmLZ1Fm43/d9uwJVY8",-33],[5,110,110],[-75,245,0,0,0,0,1,1,1,1]],[1,"wxde5dbba80193ba7a",1,[-40],[[2,1,0,-38,[12],13],[5,"wxde5dbba80193ba7a",-39]],[0,"98Xoo1TsFOTZewyndOug2m",-37],[5,110,110],[75,245,0,0,0,0,1,1,1,1]],[1,"wxdab9328a4a9ccf4c",1,[-44],[[2,1,0,-42,[16],17],[5,"wxdab9328a4a9ccf4c",-43]],[0,"37wjDiUh9PAbKjdHiK9Cn/",-41],[5,110,110],[225,245,0,0,0,0,1,1,1,1]],[1,"wxf8acc1f23385b801",1,[-48],[[2,1,0,-46,[20],21],[5,"wxf8acc1f23385b801",-47]],[0,"c1PZW8ChRA1JkzfCHDFumK",-45],[5,110,110],[-225,95,0,0,0,0,1,1,1,1]],[1,"wx865408003724cd9a",1,[-52],[[2,1,0,-50,[24],25],[5,"wx865408003724cd9a",-51]],[0,"f6O9QoEhVGmaV5ZLxUZ+PO",-49],[5,110,110],[-75,95,0,0,0,0,1,1,1,1]],[1,"wxd8a39d3ca2db17f2",1,[-56],[[2,1,0,-54,[28],29],[5,"wxd8a39d3ca2db17f2",-55]],[0,"a5Wo1GLahIYb5+egq1GsTA",-53],[5,110,110],[75,95,0,0,0,0,1,1,1,1]],[1,"wx1109b1c9c4c13a38",1,[-60],[[2,1,0,-58,[32],33],[5,"wx1109b1c9c4c13a38",-59]],[0,"29TntJxrNDh6PujyDyju0l",-57],[5,110,110],[225,95,0,0,0,0,1,1,1,1]],[1,"wx96a81534b83f81eb",1,[-64],[[2,1,0,-62,[36],37],[5,"wx96a81534b83f81eb",-63]],[0,"a2xt0bVIVC8pjQLOFRnTkZ",-61],[5,110,110],[-225,-55,0,0,0,0,1,1,1,1]],[1,"wx223ccb50eb32f3e7",1,[-68],[[2,1,0,-66,[40],41],[5,"wx223ccb50eb32f3e7",-67]],[0,"07z+6p3O9CZ6REL/4Da/dy",-65],[5,110,110],[-75,-55,0,0,0,0,1,1,1,1]],[1,"wx54e2f65d27f755dd",1,[-72],[[2,1,0,-70,[44],45],[5,"wx54e2f65d27f755dd",-71]],[0,"8f/xyhWuJK6pUcInQ51XuK",-69],[5,110,110],[75,-55,0,0,0,0,1,1,1,1]],[1,"wx39f5e31692c6c224",1,[-76],[[2,1,0,-74,[48],49],[5,"wx39f5e31692c6c224",-75]],[0,"bdOBjIIZFC6LB8oRDwpV8Q",-73],[5,110,110],[225,-55,0,0,0,0,1,1,1,1]],[1,"wx8e60ca4ee08a2a7d",1,[-80],[[2,1,0,-78,[52],53],[5,"wx8e60ca4ee08a2a7d",-79]],[0,"83C/vAGldAxbYArcnG5GQO",-77],[5,110,110],[-225,-205,0,0,0,0,1,1,1,1]],[1,"wx3f7aaf3cc7fb552d",1,[-84],[[2,1,0,-82,[56],57],[5,"wx3f7aaf3cc7fb552d",-83]],[0,"839WkXiGdGKJ1qoSN1b7zH",-81],[5,110,110],[-75,-205,0,0,0,0,1,1,1,1]],[1,"wx0c17f6b703a66af9",1,[-88],[[2,1,0,-86,[60],61],[5,"wx0c17f6b703a66af9",-87]],[0,"a5D7BgTaVPFZwuA22xNIAC",-85],[5,110,110],[75,-205,0,0,0,0,1,1,1,1]],[10,"label",[[15,"关 闭",36,36,4,1,1,-90,[66]],[16,3,-91,[4,4279572504]]],[0,"78iees/ZNNgo6pardrdwaI",-89],[4,4292342255],[5,88,51.36]],[11,"bgjumpOtherGame",180,2,[[2,1,0,-92,[0],1],[17,2,45,30,30,-93]],[6,"ddrnvsT0ZMoLl6rtH1X/Lo",2,0],[4,4278190080],[5,750,1334]],[1,"btn_close",2,[19],[[7,-94]],[6,"1eElm+5HRFEZKwvyUJehLq",2,0],[5,250,100],[0,-400,0,0,0,0,1,1,1,1]],[3,"icon",4,[[4,-95,[2],3]],[0,"5bL+16jsdEG5D93e+g5Gir",4],[5,100,100]],[3,"icon",5,[[4,-96,[6],7]],[0,"5bL+16jsdEG5D93e+g5Gir",5],[5,100,100]],[3,"icon",6,[[4,-97,[10],11]],[0,"5bL+16jsdEG5D93e+g5Gir",6],[5,100,100]],[3,"icon",7,[[4,-98,[14],15]],[0,"5bL+16jsdEG5D93e+g5Gir",7],[5,100,100]],[3,"icon",8,[[4,-99,[18],19]],[0,"5bL+16jsdEG5D93e+g5Gir",8],[5,100,100]],[3,"icon",9,[[4,-100,[22],23]],[0,"5bL+16jsdEG5D93e+g5Gir",9],[5,100,100]],[3,"icon",10,[[4,-101,[26],27]],[0,"5bL+16jsdEG5D93e+g5Gir",10],[5,100,100]],[3,"icon",11,[[4,-102,[30],31]],[0,"5bL+16jsdEG5D93e+g5Gir",11],[5,100,100]],[3,"icon",12,[[4,-103,[34],35]],[0,"5bL+16jsdEG5D93e+g5Gir",12],[5,100,100]],[3,"icon",13,[[4,-104,[38],39]],[0,"5bL+16jsdEG5D93e+g5Gir",13],[5,100,100]],[3,"icon",14,[[4,-105,[42],43]],[0,"5bL+16jsdEG5D93e+g5Gir",14],[5,100,100]],[3,"icon",15,[[4,-106,[46],47]],[0,"5bL+16jsdEG5D93e+g5Gir",15],[5,100,100]],[3,"icon",16,[[4,-107,[50],51]],[0,"5bL+16jsdEG5D93e+g5Gir",16],[5,100,100]],[3,"icon",17,[[4,-108,[54],55]],[0,"5bL+16jsdEG5D93e+g5Gir",17],[5,100,100]],[3,"icon",18,[[4,-109,[58],59]],[0,"5bL+16jsdEG5D93e+g5Gir",18],[5,100,100]],[3,"icon",3,[[4,-110,[62],63]],[0,"5bL+16jsdEG5D93e+g5Gir",3],[5,100,100]]],0,[0,2,2,0,0,1,0,-1,4,0,-2,5,0,-3,6,0,-4,7,0,-5,8,0,-6,9,0,-7,10,0,-8,11,0,-9,12,0,-10,13,0,-11,14,0,-12,15,0,-13,16,0,-14,17,0,-15,18,0,-16,3,0,2,2,0,0,2,0,0,2,0,-1,20,0,-3,21,0,2,3,0,0,3,0,0,3,0,0,3,0,-1,37,0,2,4,0,0,4,0,0,4,0,-1,22,0,2,5,0,0,5,0,0,5,0,-1,23,0,2,6,0,0,6,0,0,6,0,-1,24,0,2,7,0,0,7,0,0,7,0,-1,25,0,2,8,0,0,8,0,0,8,0,-1,26,0,2,9,0,0,9,0,0,9,0,-1,27,0,2,10,0,0,10,0,0,10,0,-1,28,0,2,11,0,0,11,0,0,11,0,-1,29,0,2,12,0,0,12,0,0,12,0,-1,30,0,2,13,0,0,13,0,0,13,0,-1,31,0,2,14,0,0,14,0,0,14,0,-1,32,0,2,15,0,0,15,0,0,15,0,-1,33,0,2,16,0,0,16,0,0,16,0,-1,34,0,2,17,0,0,17,0,0,17,0,-1,35,0,2,18,0,0,18,0,0,18,0,-1,36,0,2,19,0,0,19,0,0,19,0,0,20,0,0,20,0,0,21,0,0,22,0,0,23,0,0,24,0,0,25,0,0,26,0,0,27,0,0,28,0,0,29,0,0,30,0,0,31,0,0,32,0,0,33,0,0,34,0,0,35,0,0,36,0,0,37,0,5,2,1,4,2,19,4,21,110],[0,0,0,0,0,0,0,0,0,0,0,0,0,0,0,0,0,0,0,0,0,0,0,0,0,0,0,0,0,0,0,0,0,0,0,0,0,0,0,0,0,0,0,0,0,0,0,0,0,0,0,0,0,0,0,0,0,0,0,0,0,0,0,0,0,0,0],[-1,1,-1,1,-1,1,-1,1,-1,1,-1,1,-1,1,-1,1,-1,1,-1,1,-1,1,-1,1,-1,1,-1,1,-1,1,-1,1,-1,1,-1,1,-1,1,-1,1,-1,1,-1,1,-1,1,-1,1,-1,1,-1,1,-1,1,-1,1,-1,1,-1,1,-1,1,-1,1,-1,1,-1],[0,1,0,7,0,1,0,8,0,1,0,9,0,1,0,10,0,1,0,11,0,1,0,12,0,1,0,13,0,1,0,14,0,1,0,15,0,1,0,16,0,1,0,17,0,1,0,18,0,1,0,19,0,1,0,20,0,1,0,21,0,1,0,22,0,1,0]],[[{"name":"wxde5dbba80193ba7a","rect":[0,0,100,100],"offset":[0,0],"originalSize":[100,100],"capInsets":[0,0,0,0]}],[0],0,[0],[3],[23]],[[{"name":"wx54e2f65d27f755dd","rect":[0,0,100,100],"offset":[0,0],"originalSize":[100,100],"capInsets":[0,0,0,0]}],[0],0,[0],[3],[24]],[[{"name":"wx8e60ca4ee08a2a7d","rect":[0,0,100,100],"offset":[0,0],"originalSize":[100,100],"capInsets":[0,0,0,0]}],[0],0,[0],[3],[25]],[[{"name":"wx865408003724cd9a","rect":[0,0,100,100],"offset":[0,0],"originalSize":[100,100],"capInsets":[0,0,0,0]}],[0],0,[0],[3],[26]],[[{"name":"wxf072ed25bf278725","rect":[0,0,100,100],"offset":[0,0],"originalSize":[100,100],"capInsets":[0,0,0,0]}],[0],0,[0],[3],[27]],[[{"name":"wx96a81534b83f81eb","rect":[0,0,100,100],"offset":[0,0],"originalSize":[100,100],"capInsets":[0,0,0,0]}],[0],0,[0],[3],[28]],[[{"name":"wx0c17f6b703a66af9","rect":[0,0,100,100],"offset":[0,0],"originalSize":[100,100],"capInsets":[0,0,0,0]}],[0],0,[0],[3],[29]],[[{"name":"wxe626f5561a0c9649","rect":[0,0,100,100],"offset":[0,0],"originalSize":[100,100],"capInsets":[0,0,0,0]}],[0],0,[0],[3],[30]],[[{"name":"wx1109b1c9c4c13a38","rect":[0,0,100,100],"offset":[0,0],"originalSize":[100,100],"capInsets":[0,0,0,0]}],[0],0,[0],[3],[31]],[[{"name":"wxd8a39d3ca2db17f2","rect":[0,0,100,100],"offset":[0,0],"originalSize":[100,100],"capInsets":[0,0,0,0]}],[0],0,[0],[3],[32]],[[{"name":"wx3f7aaf3cc7fb552d","rect":[0,0,100,100],"offset":[0,0],"originalSize":[100,100],"capInsets":[0,0,0,0]}],[0],0,[0],[3],[33]],[[{"name":"wx223ccb50eb32f3e7","rect":[0,0,100,100],"offset":[0,0],"originalSize":[100,100],"capInsets":[0,0,0,0]}],[0],0,[0],[3],[34]]]]