[1,["ecpdLyjvZBwrvm+cedCcQy","55NNX3fsZMuLqGYpr9Xu3j","13f126586","63QbQQrcxBxoElfRD9HZuG","6fKb1bWAZCFJKXQJiXGCTp","85raqLVb9NtoTJpO8ztnaR","0bWL7grNpFJbeo9CBOsMHW","81PDUqQbpBy6B/Wa8Mp/Uc","6aHxG3Mq5KCIdv7earnG1h"],["node","_textureSetter","_spriteFrame","_N$file","root","data"],[["cc.Node",["_name","_active","_prefab","_contentSize","_parent","_components","_trs","_children","_anchorPoint","_color"],1,4,5,1,9,7,2,5,5],"cc.SpriteFrame",["cc.Sprite",["_type","_sizeMode","_fillRange","node","_materials","_spriteFrame"],0,1,3,6],["cc.Label",["_fontSize","_lineHeight","_isSystemFontUsed","_N$horizontalAlign","_N$verticalAlign","_string","_enabled","node","_materials","_N$file"],-4,1,3,6],["cc.PrefabInfo",["fileId","root","asset"],2,1,1],["cc.Prefab",["_name"],2],["cc.Layout",["_resize","_N$layoutType","_N$spacingY","node","_layoutSize"],0,1,5],["cc.Widget",["_alignFlags","_originalWidth","_originalHeight","node"],0,1],["cc.LabelOutline",["_width","node","_color"],2,1,5]],[[4,0,1,2,2],[0,0,4,5,2,3,6,2],[0,0,1,4,5,2,3,6,3],[2,0,1,3,4,5,3],[3,5,0,1,2,3,4,7,8,9,7],[5,0,2],[0,0,7,2,3,2],[0,0,4,7,5,2,3,8,6,2],[0,0,4,5,2,3,2],[0,0,4,5,2,9,3,6,2],[4,1,2,1],[6,0,1,2,3,4,4],[2,0,1,2,3,4,5,4],[2,3,4,5,1],[7,0,1,2,3,4],[3,0,1,2,3,4,7,8,9,6],[3,6,5,0,1,2,3,4,7,8,9,8],[8,0,1,2,2]],[[[{"name":"读条底框","rect":[3,3,579,64],"offset":[0,0],"originalSize":[579,64],"capInsets":[20,0,20,0]}],[1],0,[0],[1],[2]],[[{"name":"logo","rect":[0,7,193,188],"offset":[-3.5,-2.5],"originalSize":[200,197],"capInsets":[0,0,0,0]}],[1],0,[0],[1],[3]],[[{"name":"读条底框2","rect":[3,73,573,58],"offset":[0,0],"originalSize":[573,58],"capInsets":[20,20,20,20]}],[1],0,[0],[1],[2]],[[{"name":"qidong","rect":[0,0,750,1334],"offset":[0,0],"originalSize":[750,1334],"capInsets":[0,0,0,0]}],[1],0,[0],[1],[4]],[[[5,"LaunchLayer"],[6,"LaunchLayer",[-2,-3,-4,-5,-6,-7,-8],[10,-1,0],[5,750,1334]],[7,"node_tips",1,[-10,-11],[[11,1,2,5,-9,[5,300,45.36]]],[0,"45o5ql4kxCepitx2CGGA6W",1,0],[5,300,45.36],[0,0.5,0],[0,-600,0,0,0,0,1,1,1,1]],[8,"bg",1,[[3,1,0,-12,[0],1],[14,45,750,1334,-13]],[0,"0d87IYxU1Cx5kzZPETtzWT",1,0],[5,750,1334]],[1,"language",1,[[4,"Resource loading.....",28,30,false,1,1,-14,[8],9],[17,0,-15,[4,4278396748]]],[0,"29odhHywVDv6OMyn4z8li6",1,0],[5,285.71,37.8],[0,-280,0,0,0,0,1,1,1,1]],[1,"img_bg_bar",1,[[3,1,0,-16,[2],3]],[0,"68RSXFZahElIQtligtpUR0",1,0],[5,579,64],[0,-200,0,0,0,0,1,1,1,1]],[1,"img_bar",1,[[12,3,0,0.6,-17,[4],5]],[0,"77gezDjRxN25kNmMKrax5F",1,0],[5,569,54],[0,-200,0,0,0,0,1,1,1,1]],[1,"logo",1,[[13,-18,[6],7]],[0,"45KumP/kBMnI9vYQovTLeb",1,0],[5,193,188],[0,250,0,0,0,0,1,2,2,1]],[9,"t_erro",1,[[15,24,30,false,1,1,-19,[10],11]],[0,"70Pb1NkTpDBLTNgi0rO/xj",1,0],[4,4278190335],[5,0,37.8],[0,-150,0,0,0,0,1,1,1,1]],[2,"language",false,2,[[4,"健康游戏忠告",32,36,false,1,1,-20,[12],13]],[0,"13QcX7efZFIYFyg0iScIYu",1,0],[5,192,45.36],[0,22.68,0,0,0,0,1,1,1,1]],[2,"language",false,2,[[16,false,"抵制不良游戏，拒绝盗版游戏。注意自身保护，谨防受骗上当。\n适度游戏益脑，沉迷游戏伤身。合理安排时间，享受健康生活。",24,36,false,1,1,-21,[14],15]],[0,"ccmdNjhtJHpK02dmuHhP8B",1,0],[5,672,81.36],[0,40.679999999999986,0,0,0,0,1,1,1,1]]],0,[0,4,1,0,-1,3,0,-2,5,0,-3,6,0,-4,7,0,-5,4,0,-6,8,0,-7,2,0,0,2,0,-1,9,0,-2,10,0,0,3,0,0,3,0,0,4,0,0,4,0,0,5,0,0,6,0,0,7,0,0,8,0,0,9,0,0,10,0,5,1,21],[0,0,0,0,0,0,0,0,0,0,0,0,0,0,0,0],[-1,2,-1,2,-1,2,-1,2,-1,3,-1,3,-1,3,-1,3],[0,5,0,6,0,7,0,8,0,1,0,1,0,1,0,1]]]]