[1,["ecpdLyjvZBwrvm+cedCcQy","55NNX3fsZMuLqGYpr9Xu3j","70vzj+wUpDCYqBarNpfDPw","c4UiBFsvtEm6acFg81Lqqw","1d2387e15","d79mc8l2FC0YdkUxaqa64h","bbip+TAQ5LXYZE8lZ6nUv8","67wolqU71CZ5A0xbNdJk/X","f7uNcMM7RFJYJT9l3B3FBk","77rRGcvfdDxLswK5qRrZ0W","46FWiU0d1Nj5hhcpBqTO3m","54vC5F5BhLG65EflQBKpvv","58WSKjpTtASLJBpPs0KjiE"],["node","_spriteFrame","root","_parent","_N$file","_textureSetter","data","_defaultClip","MoreGameLayer"],[["cc.Node",["_name","_objFlags","_active","_prefab","_contentSize","_components","_parent","_children","_trs","_color","_anchorPoint"],0,4,5,9,1,2,7,5,5],["cc.PrefabInfo",["fileId","root","asset"],2,1,1],["cc.Sprite",["_sizeMode","_type","node","_materials","_spriteFrame"],1,1,3,6],["cc.Widget",["_alignFlags","_top","_bottom","_left","_right","_originalWidth","_originalHeight","node"],-4,1],["cc.Button",["zoomScale","node"],2,1],["cc.LabelOutline",["_width","node","_color"],2,1,5],"cc.SpriteFrame",["cc.Prefab",["_name"],2],["cc.Animation",["playOnLoad","node","_clips","_defaultClip"],2,1,3,6],["68134te5KVPTIY4xwbCHdbz",["node","MoreGameLayer"],3,1,6],["cc.Label",["_string","_fontSize","_lineHeight","_isSystemFontUsed","_N$horizontalAlign","_N$verticalAlign","node","_materials","_N$file"],-3,1,3,6],["cc.Layout",["_resize","_N$layoutType","_N$spacingX","_N$spacingY","node","_layoutSize"],-1,1,5]],[[1,0,1,2],[2,2,3,4,1],[0,0,1,6,5,3,4,10,8,3],[1,0,1,2,2],[2,1,0,2,3,4,3],[10,0,1,2,3,4,5,6,7,8,7],[0,0,7,3,4,2],[0,0,6,5,3,4,8,2],[0,0,6,7,5,3,4,8,2],[5,0,1,2,2],[7,0,2],[0,0,2,7,5,3,4,8,3],[0,0,6,7,5,3,4,2],[0,0,7,5,3,4,2],[0,0,6,5,3,9,4,2],[0,0,6,7,3,4,8,2],[0,0,6,5,3,4,2],[0,0,1,6,5,3,4,3],[8,0,1,2,3,2],[9,0,1,1],[4,1,1],[4,0,1,2],[1,1,2,1],[2,0,2,3,4,2],[5,1,2,1],[3,0,1,7,3],[3,0,1,2,7,4],[3,0,3,4,1,2,5,6,7,8],[11,0,1,2,3,4,5,5]],[[[{"name":"bg2","rect":[773,682,50,50],"offset":[0,0],"originalSize":[50,50],"capInsets":[20,20,20,20]}],[6],0,[0],[5],[4]],[[[10,"GainGoodsLayer4"],[11,"MoreGameWXNode",false,[-5,-6,-7,-8,-9],[[18,true,-2,[25],24],[19,-3,26],[20,-4]],[0,"f9n9uCjLRNC78t4GEmaLCL",-1],[5,120,120],[221.015,-129.778,0,0,0,0,1,1,1,1]],[6,"GainGoodsLayer",[-11,1],[22,-10,0],[5,750,1334]],[6,"GainGoodsCell",[-13],[0,"28reUAfChL15VEUsWhMv4s",-12],[5,120,140]],[12,"bg",2,[-15,-16,-17],[[4,1,0,-14,[12],13]],[3,"c0MzZD8xpP3In8CLumBhkE",2,0],[5,650,450]],[7,"t_title",4,[[5,"GET ARTICLE",36,36,false,1,1,-19,[0],1],[9,3,-20,[4,4281479730]],[25,1,40,-21]],[0,"fbkO2zoKhLM65Jobs6/ldA",-18],[5,235.68,51.36],[0,159.32,0,0,0,0,1,1,1,1]],[8,"btn_ok",4,[-25],[[4,1,0,-22,[10],11],[21,0.95,-23],[26,4,12,40,-24]],[3,"d53w9KM31HmJFmSHg16+HI",2,0],[5,186,82],[0,-144,0,0,0,0,1,1,1,0]],[13,"node_content",[3],[[27,5,-115,-115,55,55,900,310,-26],[28,1,1,30,30,-27,[5,120,200]]],[3,"1f2nRxJLhPYqP8lwxthgUy",2,0],[5,120,200]],[8,"bg",3,[-29,-30],[[4,1,0,-28,[6],7]],[0,"02YU4os5VOMIxhj0jHtncr",3],[5,101,101],[0,10,0,0,0,0,1,1,1,1]],[14,"language",6,[[5,"CONFIRM",24,26,false,1,1,-32,[8],9],[24,-33,[4,4278396748]]],[0,"9cYQc5JU1CXZAv3rjLejGM",-31],[4,4293326077],[5,113.05,34.76]],[7,"t_name",8,[[5,"NAME",22,24,false,1,1,-34,[4],5],[9,2,-35,[4,4281479730]]],[0,"2avZvnQTxAhZbC1kcvFdkR",3],[5,66.9,34.239999999999995],[0,-65,0,0,0,0,1,1,1,1]],[15,"node",4,[7],[3,"cbq2IYXHRLJKIBKc7jRxtA",2,0],[5,670,310],[0,20,0,0,0,0,1,1,1,1]],[16,"img_icon",8,[[23,0,-36,[2],3]],[0,"f1XKM0V21HJpEy5OTpdESK",3],[5,50,50]],[17,"moregamebg",512,1,[[1,-37,[14],15]],[0,"5cpL3NtiFKi5ZwiiiQ+QO3",1],[5,89,68]],[2,"moregamegan",512,1,[[1,-38,[16],17]],[0,"8e0qDlXAZH4ZXhRMHLI+4Z",1],[5,41,71],[0,0.5,0],[0,6,0,0,0,0,1,1,1,1]],[2,"moregame2",512,1,[[1,-39,[18],19]],[0,"6d6fMY91hJGauiB0ICPxFf",1],[5,15,20],[0,0.5,0],[25,-11.547,0,0,0,0,1,1,1,1]],[2,"moregame1",512,1,[[1,-40,[20],21]],[0,"38poxy/z1BIqx4cGa/WpqR",1],[5,15,20],[0,0.5,0],[-25,-11.547,0,0,0,0,1,1,1,1]],[2,"moregamename",512,1,[[1,-41,[22],23]],[0,"33iSXXIbBNqruQUgZgzoRo",1],[5,117,36],[0,0.5,0],[0,-48.27,0,0,0,0,1,1,1,1]]],0,[0,2,1,0,0,1,0,0,1,0,0,1,0,-1,13,0,-2,14,0,-3,15,0,-4,16,0,-5,17,0,2,2,0,-1,4,0,2,3,0,-1,8,0,0,4,0,-1,5,0,-2,11,0,-3,6,0,2,5,0,0,5,0,0,5,0,0,5,0,0,6,0,0,6,0,0,6,0,-1,9,0,0,7,0,0,7,0,0,8,0,-1,12,0,-2,10,0,2,9,0,0,9,0,0,9,0,0,10,0,0,10,0,0,12,0,0,13,0,0,14,0,0,15,0,0,16,0,0,17,0,6,2,1,3,2,3,3,7,7,3,11,41],[0,0,0,0,0,0,0,0,0,0,0,0,0,0,0,0,0,0,0,0,0,0,0,0,0,0,0],[-1,4,-1,1,-1,4,-1,1,-1,4,-1,1,-1,1,-1,1,-1,1,-1,1,-1,1,-1,1,7,-1,8],[0,1,0,5,0,1,0,6,0,1,0,7,0,8,0,9,0,10,0,2,0,2,0,11,3,3,12]]]]