[1,["ecpdLyjvZBwrvm+cedCcQy","55NNX3fsZMuLqGYpr9Xu3j","13f126586","80r8XwTh9NRqeW3h5QMT1M","66Saqo21lBJIsMf+FEOkZ5"],["node","root","_N$file","_spriteFrame","_textureSetter","data"],[["cc.Node",["_name","_prefab","_contentSize","_parent","_components","_children","_trs","_color"],2,4,5,1,9,2,7,5],["cc.PrefabInfo",["fileId","root","asset"],2,1,1],"cc.SpriteFrame",["cc.Prefab",["_name"],2],["cc.Sprite",["node","_materials","_spriteFrame"],3,1,3,6],["cc.Label",["_string","_fontSize","_lineHeight","_isSystemFontUsed","_N$horizontalAlign","_N$verticalAlign","node","_materials","_N$file"],-3,1,3,6]],[[0,0,3,5,4,1,2,2],[1,0,1,2,2],[1,0,1,2],[4,0,1,2,1],[5,0,1,2,3,4,5,6,7,8,7],[3,0,2],[0,0,5,1,2,2],[0,0,3,4,1,7,2,6,2],[0,0,3,4,1,2,6,2],[1,1,2,1]],[[[[5,"Menu"],[6,"Menu",[-2,-3],[9,-1,0],[5,200,90]],[0,"bg",1,[-5],[[3,-4,[2],3]],[1,"e6fKxhsoZBEaXjcmNMtOk7",1,0],[5,188,82]],[7,"t_name_unselect",2,[[4,"菜单",36,36,false,1,1,-7,[0],1]],[2,"43ce6Ie/NM0778LKchV7Et",-6],[4,4291875024],[5,72,45.36],[0,3,0,0,0,0,1,1,1,1]],[0,"img_select",1,[-9],[[3,-8,[6],7]],[1,"abMPF3EQ1IW44NHVQFYVF1",1,0],[5,198,88]],[8,"t_name_select",4,[[4,"MENU",42,42,false,1,1,-11,[4],5]],[2,"fcD3aOjqZMTpNeTLsT981Z",-10],[5,124.57,52.92],[0,3,0,0,0,0,1,1,1,1]]],0,[0,1,1,0,-1,2,0,-2,4,0,0,2,0,-1,3,0,1,3,0,0,3,0,0,4,0,-1,5,0,1,5,0,0,5,0,5,1,11],[0,0,0,0,0,0,0,0],[-1,2,-1,3,-1,2,-1,3],[0,1,0,3,0,1,0,4]],[[{"name":"UI31","rect":[3,246,198,88],"offset":[0,0],"originalSize":[198,88],"capInsets":[0,0,0,0]}],[2],0,[0],[4],[2]],[[{"name":"UI32","rect":[3,340,188,82],"offset":[0,0],"originalSize":[188,82],"capInsets":[0,0,0,0]}],[2],0,[0],[4],[2]]]]