[1,["ecpdLyjvZBwrvm+cedCcQy","1f90ae399","5er/hWGf9GGLdSlba49YbR"],["root","node","_textureSetter","data","_spriteFrame"],[["cc.PrefabInfo",["fileId","root","asset"],2,1,1],["cc.Node",["_name","_prefab","_children","_parent","_components","_contentSize","_trs"],2,4,2,1,9,5,7],"cc.SpriteFrame",["cc.Prefab",["_name"],2],["cc.Label",["_string","_fontSize","_lineHeight","_N$horizontalAlign","_N$verticalAlign","node","_materials"],-2,1,3],["cc.Sprite",["node","_materials","_spriteFrame"],3,1,3,6]],[[1,0,3,4,1,5,6,2],[3,0,2],[1,0,2,1,2],[0,1,2,1],[0,0,1,2],[0,0,1,2,2],[4,0,1,2,3,4,5,6,6],[5,0,1,2,1]],[[[{"name":"msg_text","rect":[3,461,191,110],"offset":[-2,-1.5],"originalSize":[197,115],"capInsets":[0,0,0,0]}],[2],0,[0],[2],[1]],[[[1,"GameMsgTextNode"],[2,"GameMsgTextNode",[-2,-3],[3,-1,0]],[0,"t_msg",1,[[6,"1",24,30,1,1,-5,[2]]],[4,"02GDXeF4dI8ouS7kRQpuPE",-4],[5,13.35,37.8],[14.395,64.353,0,0,0,0,1,1,1,1]],[0,"msg_text",1,[[7,-6,[0],1]],[5,"5aPEy+AOtIjquODj4oNvnD",1,0],[5,191,110],[16,56,0,0,0,0,1,1,1,1]]],0,[0,0,1,0,-1,3,0,-2,2,0,0,2,0,1,2,0,1,3,0,3,1,6],[0,0,0],[-1,4,-1],[0,2,0]]]]