[1,["ecpdLyjvZBwrvm+cedCcQy","55NNX3fsZMuLqGYpr9Xu3j","67wolqU71CZ5A0xbNdJk/X","13f126586","1f90ae399","d79mc8l2FC0YdkUxaqa64h","b1+Hr6pEZEiZ0JlzTkKy5X","d0hNiBXj5PbLOOIzgY4N0o","d2lLfr84FCw6t6vUfIgJpP","38QFGbmexIoK+5vCDCGPfR","7fdheM0YJGvK8/PDygtJbf","1d2387e15"],["node","root","_spriteFrame","_N$file","_textureSetter","_parent","data"],[["cc.Node",["_name","_active","_prefab","_contentSize","_components","_parent","_trs","_color","_anchorPoint","_children"],1,4,5,9,1,7,5,5,12],"cc.SpriteFrame",["cc.Node",["_name","_parent","_children","_prefab","_trs","_components","_contentSize"],2,1,2,4,7,9,5],["cc.Sprite",["_type","_sizeMode","_enabled","node","_materials","_spriteFrame"],0,1,3,6],["cc.PrefabInfo",["fileId","root","asset"],2,1,1],["cc.Label",["_string","_fontSize","_lineHeight","_isSystemFontUsed","_N$horizontalAlign","_N$verticalAlign","node","_materials","_N$file"],-3,1,3,6],["cc.Prefab",["_name"],2],["cc.Button",["zoomScale","node"],2,1],["cc.LabelOutline",["_width","node","_color"],2,1,5]],[[4,0,1,2,2],[4,0,1,2],[5,0,1,2,3,4,5,6,7,8,7],[0,0,5,4,2,3,6,2],[3,0,3,4,5,2],[0,0,5,4,2,7,3,8,6,2],[2,0,1,2,5,3,6,4,2],[3,1,3,4,5,2],[7,0,1,2],[2,0,1,2,3,4,2],[2,0,1,2,5,3,6,2],[2,0,1,2,3,2],[3,0,1,3,4,5,3],[6,0,2],[0,0,9,2,3,2],[0,0,5,2,6,2],[0,0,4,2,3,6,2],[0,0,5,4,2,3,8,6,2],[0,0,5,4,2,7,3,6,2],[0,0,4,2,3,2],[0,0,5,4,2,3,2],[0,0,1,5,4,2,3,6,3],[4,1,2,1],[3,2,3,4,5,2],[5,0,1,2,3,6,7,8,5],[8,0,1,2,2]],[[[{"name":"img_gem","rect":[193,862,66,79],"offset":[0.5,-2],"originalSize":[69,83],"rotated":1,"capInsets":[0,0,0,0]}],[1],0,[0],[4],[4]],[[{"name":"ui_kuang","rect":[534,219,40,40],"offset":[0,0],"originalSize":[40,40],"capInsets":[18,18,18,18]}],[1],0,[0],[4],[3]],[[{"name":"uicell0","rect":[212,640,100,100],"offset":[0,0],"originalSize":[100,100],"capInsets":[40,40,40,40]}],[1],0,[0],[4],[3]],[[[13,"ShopCell"],[14,"ShopCell",[[-2,[15,"node_model",-4,[0,"9139nTQUFPFokaJxMHAs9P",-3,0],[0,56.004,0,0,0,0,1,1,1,1]],-5,-6,-7],1,4,1,1,1],[22,-1,0],[5,200,250]],[9,"node_buy",1,[-8,-9,-10,-11,-12,-13,-14],[0,"c8ObiZS2pIGKtZ6vvTb2Uj",1,0],[0,-80,0,0,0,0,1,1,1,1]],[6,"node_coin",2,[-17,-18],[[4,1,-15,[24],25],[8,0.95,-16]],[0,"67+rTYzV9HsrIhT5yYgLMA",1,0],[5,132,59],[0,0,0,0,0,0,1,1,1,0]],[6,"node_gem",2,[-21,-22],[[4,1,-19,[30],31],[8,0.95,-20]],[0,"60zV+k9o9AB77dusYeP7/9",1,0],[5,132,59],[0,0,0,0,0,0,1,1,1,0]],[16,"t_name",[[2,"商品名字",28,28,false,1,1,-24,[8],9],[25,0,-25,[4,4278396748]]],[1,"ffJKSXrRdCe79BjSHoi4xv",-23],[5,112,35.28],[0,32,0,0,0,0,1,1,1,1]],[6,"node_video",2,[-27,-28],[[4,1,-26,[18],19]],[0,"1dftbxKVBFBZCd3kajpZxo",1,0],[5,132,59],[2.078,0,0,0,0,0,1,1,1,1]],[6,"node_use",2,[-31],[[4,1,-29,[36],37],[8,0.95,-30]],[0,"65m399S4dK4pnMrz4VlBVx",1,0],[5,132,59],[0,0,0,0,0,0,1,1,1,0]],[10,"bg",1,[-33],[[12,1,0,-32,[2],3]],[0,"ceXe29KqlHsLixO3Ln/fju",1,0],[5,200,250]],[5,"t_count",1,[[2,"X99",22,22,false,1,1,-35,[4],5]],[1,"7bnOolRbZFn7nNCnj6Z4u2",-34],[4,4293326077],[5,39.71,27.72],[0,1,0.5],[70,-10,0,0,0,0,1,1,1,1]],[9,"nodeinfo",1,[-36,5],[0,"07INRw5qVOy5Wvd6vF3H6e",1,0],[0,-70,0,0,0,0,1,1,1,1]],[17,"t_intro",10,[[24,"介绍",22,26,false,-38,[6],7]],[1,"5es8Kf0HBLi5/F13BGmtft",-37],[5,44,32.76],[0,0.5,1],[0,8,0,0,0,0,1,1,1,1]],[10,"node_rmb",2,[-40],[[4,1,-39,[12],13]],[0,"24BJ5uViZFTrBHSxwanjI3",1,0],[5,132,59]],[18,"t_pay_rmb",12,[[2,"$1.99",28,28,false,1,1,-42,[10],11]],[1,"3c44eidpRAIKXQff1o9o89",-41],[4,4293326077],[5,75.07,35.28],[0,3,0,0,0,0,1,1,1,1]],[5,"language",6,[[2,"FREE",28,28,false,1,1,-44,[16],17]],[1,"69uyNf7yROfpeNEAuLOJKo",-43],[4,4293326077],[5,69.92,35.28],[0,0,0.5],[-39,3,0,0,0,0,1,1,1,1]],[5,"t_pay_coin",3,[[2,"999",28,28,false,1,1,-46,[22],23]],[1,"7eh423CHZF7ohYVI5Gze0C",-45],[4,4293326077],[5,49.48,35.28],[0,0,0.5],[0,3,0,0,0,0,1,1,1,1]],[5,"t_pay_gem",4,[[2,"999",28,28,false,1,1,-48,[28],29]],[1,"7eh423CHZF7ohYVI5Gze0C",-47],[4,4293326077],[5,49.48,35.28],[0,0,0.5],[0,3,0,0,0,0,1,1,1,1]],[19,"language",[[2,"OWNED",28,28,false,1,1,-50,[32],33]],[1,"7aBaZnkpZOEanGlLJ7uicC",-49],[5,105.36,35.28]],[3,"language",7,[[2,"USE",28,28,false,1,1,-52,[34],35]],[1,"7cs8Ivfe1DRoBUzXhK4F9F",-51],[5,55.64,35.28],[0,3,0,0,0,0,1,1,1,1]],[11,"node_using",2,[-53,-54],[0,"05uUWJXu5Erqm8wwVeYrAg",1,0]],[20,"language",19,[[2,"IN USE",28,28,false,1,1,-56,[40],41]],[1,"7aBaZnkpZOEanGlLJ7uicC",-55],[5,94.13,35.28]],[3,"img_icon",8,[[7,0,-57,[0],1]],[0,"053etYm6RDcbKFD6mHlyZB",1,0],[5,150,150],[0,40,0,0,0,0,1,1,1,1]],[21,"video3",false,6,[[23,false,-58,[14],15]],[0,"ffhaidkytM/65EWBC/TeVL",1,0],[5,62,48],[-33,3,0,0,0,0,1,0.7,0.7,1]],[3,"img",3,[[7,0,-59,[20],21]],[0,"19isRx5opBFoeS88gp5iog",1,0],[5,40,40],[-33,3,0,0,0,0,1,1,1,1]],[3,"img",4,[[7,0,-60,[26],27]],[0,"f5tv/uGJ9CDZMFYBTzh7lF",1,0],[5,33,39.5],[-33,3,0,0,0,0,1,1,1,1]],[11,"node_haved",2,[17],[0,"59f/pTgDNPfr9xjUFzzYHq",1,0]],[3,"ui_kuang",19,[[12,1,0,-61,[38],39]],[0,"ccCpFuorVKkp7mfPcT6Rp0",1,0],[5,200,250],[0,80,0,0,0,0,1,1,1,1]]],0,[0,1,1,0,-1,8,0,1,1,0,5,1,0,-3,9,0,-4,10,0,-5,2,0,-1,12,0,-2,6,0,-3,3,0,-4,4,0,-5,25,0,-6,7,0,-7,19,0,0,3,0,0,3,0,-1,23,0,-2,15,0,0,4,0,0,4,0,-1,24,0,-2,16,0,1,5,0,0,5,0,0,5,0,0,6,0,-1,22,0,-2,14,0,0,7,0,0,7,0,-1,18,0,0,8,0,-1,21,0,1,9,0,0,9,0,-1,11,0,1,11,0,0,11,0,0,12,0,-1,13,0,1,13,0,0,13,0,1,14,0,0,14,0,1,15,0,0,15,0,1,16,0,0,16,0,1,17,0,0,17,0,1,18,0,0,18,0,-1,26,0,-2,20,0,1,20,0,0,20,0,0,21,0,0,22,0,0,23,0,0,24,0,0,26,0,6,1,5,5,10,17,5,25,61],[0,0,0,0,0,0,0,0,0,0,0,0,0,0,0,0,0,0,0,0,0,0,0,0,0,0,0,0,0,0,0,0,0,0,0,0,0,0,0,0,0,0],[-1,2,-1,2,-1,3,-1,3,-1,3,-1,3,-1,2,-1,2,-1,3,-1,2,-1,2,-1,3,-1,2,-1,2,-1,3,-1,2,-1,3,-1,3,-1,2,-1,2,-1,3],[0,5,0,6,0,1,0,1,0,1,0,1,0,2,0,7,0,1,0,2,0,8,0,1,0,2,0,9,0,1,0,2,0,1,0,1,0,2,0,10,0,1]],[[{"name":"img_video","rect":[716,417,62,48],"offset":[0,0],"originalSize":[62,48],"capInsets":[0,0,0,0]}],[1],0,[0],[4],[11]]]]