[1,["edIL4m0CpI6rUy9h4uJWSv","4775OSsdZAkqWqLgb72KGM","07RvMI9IVPDIbC0AYQJ7yp","2cg0jkllRFaJAYqszeaRNm"],["_textureSetter"],["cc.SpriteFrame",["cc.AnimationClip",["_name","_duration","wrapMode","curveData"],0,11]],[[1,0,1,2,3,4]],[[[{"name":"moregame3","rect":[0,0,41,71],"offset":[0,0],"originalSize":[41,71],"capInsets":[0,0,0,0]}],[0],0,[0],[0],[0]],[[{"name":"moregame4","rect":[0,0,117,36],"offset":[0,0],"originalSize":[117,36],"capInsets":[0,0,0,0]}],[0],0,[0],[0],[1]],[[{"name":"moregame2","rect":[0,0,15,20],"offset":[0,0],"originalSize":[15,20],"capInsets":[0,0,0,0]}],[0],0,[0],[0],[2]],[[{"name":"moregame1","rect":[0,0,89,68],"offset":[0,0],"originalSize":[89,68],"capInsets":[0,0,0,0]}],[0],0,[0],[0],[3]],[[[0,"MoreGameWXNodeAnim",3,2,[{},"paths",11,[{"moregamegan":{"props":{"angle":[{"frame":0,"value":0},{"frame":0.25,"value":25},{"frame":0.5,"value":0},{"frame":0.75,"value":-25},{"frame":1,"value":0}]}}},"moregame2",11,[{},"props",11,[{},"scale",12,[[[{"frame":0.5833333333333334},"value",8,[0,1,1]],[{"frame":0.7},"value",8,[0,1,0.7]],[{"frame":0.7333333333333333},"value",8,[0,1,1]]],11,11,11]]],"moregame1",11,[{},"props",11,[{},"scale",12,[[[{"frame":0.25},"value",8,[0,1,1]],[{"frame":0.36666666666666664},"value",8,[0,1,0.7]],[{"frame":0.4},"value",8,[0,1,1]]],11,11,11]]],"moregamename",11,[{},"props",11,[{"position":[{"frame":0,"value":[0,-48.27,0]},{"frame":0.8333333333333334,"value":[0,-48.27,0]},{"frame":1,"value":[0,-40,0]},{"frame":1.1333333333333333,"value":[0,-48.27,0]},{"frame":1.2166666666666666,"value":[0,-43,0]},{"frame":1.2833333333333334,"value":[0,-48.27,0]},{"frame":3,"value":[0,-48.27,0]}]},"scale",12,[[[{"frame":0},"value",8,[0,1,0]],[{"frame":0.5},"value",8,[0,1,0]],[{"frame":0.6666666666666666},"value",8,[0,1,1]],[{"frame":2.25},"value",8,[0,1,1]],[{"frame":2.65},"value",8,[0,1,0]]],11,11,11,11,11]]]]]]],0,0,[],[],[]]]]