[1,["ecpdLyjvZBwrvm+cedCcQy","1a72d68b0","1f90ae399","17f33abb7","d5CcpzCLNKDLUoXnQl6Aeg","18i2bFxvRBjK+awgtPo4Xe","37dqjMFa9M7adCYPq+K5h3"],["_textureSetter","node","_spriteFrame","root","data"],[["cc.Node",["_name","_groupIndex","_prefab","_parent","_components","_contentSize","_trs","_children","_anchorPoint"],1,4,1,9,5,7,2,5],"cc.SpriteFrame",["cc.PrefabInfo",["fileId","root","asset"],2,1,1],["cc.Prefab",["_name"],2],["cc.Sprite",["node","_materials","_spriteFrame"],3,1,3,6]],[[2,0,1,2,2],[4,0,1,2,1],[3,0,2],[0,0,1,7,2,3],[0,0,3,4,2,5,6,2],[0,0,1,3,7,2,3],[0,0,1,3,4,2,5,6,3],[0,0,3,4,2,5,8,6,2],[2,1,2,1]],[[[{"name":"m1_idle1","rect":[3,109,123,82],"offset":[0,0],"originalSize":[123,82],"rotated":1,"capInsets":[0,0,0,0]}],[1],0,[0],[0],[1]],[[{"name":"食物动画","rect":[200,552,104,87],"offset":[0,-0.5],"originalSize":[112,94],"capInsets":[0,0,0,0]}],[1],0,[0],[0],[2]],[[{"name":"食物影子","rect":[302,867,62,28],"offset":[0,0],"originalSize":[62,36],"rotated":1,"capInsets":[0,0,0,0]}],[1],0,[0],[0],[3]],[[[2,"Monster1"],[3,"Monster",1,[-2,-3,-4],[8,-1,0]],[4,"shadow",1,[[1,-5,[0],1]],[0,"da3egcvZxIwYcc6BpvdMqL",1,0],[5,62,28],[0,-20,0,0,0,0,1,1,1,1]],[5,"body",1,1,[-6],[0,"01jJAt2plLMqr7Rcg0NQwg",1,0]],[6,"animNode",1,3,[[1,-7,[2],3]],[0,"5fEyPLHSdIw4u3m2ZpKw1n",1,0],[5,123,82],[0,30,0,0,0,0,1,0.5,0.5,1]],[7,"node_mark",1,[[1,-8,[4],5]],[0,"85GHluXflBq51zFxFh1Mtp",1,0],[5,104,87],[0,0.5,0],[0,90,0,0,0,0,1,1,1,1]]],0,[0,3,1,0,-1,2,0,-2,3,0,-3,5,0,1,2,0,-1,4,0,1,4,0,1,5,0,4,1,8],[0,0,0,0,0,0],[-1,2,-1,2,-1,2],[0,4,0,5,0,6]]]]