[1,["ecpdLyjvZBwrvm+cedCcQy","13f126586","55NNX3fsZMuLqGYpr9Xu3j","93yjYJlJtNo40vV+oE9iPy","ce+DlNbU5NFpcxYkbUM3DV","87u42yl4NH54nZXddbI9zD"],["node","root","_textureSetter","_spriteFrame","_N$file","data"],[["cc.Node",["_name","_prefab","_contentSize","_parent","_components","_trs","_children","_anchorPoint"],2,4,5,1,9,7,2,5],"cc.SpriteFrame",["cc.PrefabInfo",["fileId","root","asset"],2,1,1],["cc.Widget",["_alignFlags","_originalHeight","_left","_top","_bottom","_right","_originalWidth","node"],-4,1],["cc.Sprite",["_sizeMode","_type","node","_materials","_spriteFrame"],1,1,3,6],["cc.Prefab",["_name"],2],["cc.Label",["_string","_fontSize","_lineHeight","_isSystemFontUsed","_N$horizontalAlign","_N$verticalAlign","node","_materials","_N$file"],-3,1,3,6],["cc.LabelOutline",["_width","node","_color"],2,1,5]],[[2,0,1,2,2],[0,0,3,4,1,2,5,2],[2,0,1,2],[6,0,1,2,3,4,5,6,7,8,7],[3,0,2,3,4,1,7,6],[7,0,1,2,2],[0,0,3,4,1,2,7,5,2],[0,0,3,4,1,2,2],[3,0,6,1,7,4],[4,1,0,2,3,4,3],[5,0,2],[0,0,6,1,2,2],[2,1,2,1],[3,0,2,5,3,4,1,7,7],[4,0,2,3,4,2],[4,2,3,1]],[[[{"name":"head_default","rect":[655,617,83,63],"offset":[0.5,0],"originalSize":[84,63],"capInsets":[0,0,0,0]}],[1],0,[0],[2],[1]],[[{"name":"uirank0","rect":[424,639,100,60],"offset":[0,0],"originalSize":[100,60],"rotated":1,"capInsets":[20,20,20,20]}],[1],0,[0],[2],[1]],[[{"name":"uirank1","rect":[431,442,100,60],"offset":[0,0],"originalSize":[100,60],"rotated":1,"capInsets":[20,20,20,20]}],[1],0,[0],[2],[1]],[[[10,"RankCell"],[11,"RankCell",[-2,-3,-4,-5,-6,-7,-8],[12,-1,0],[5,650,80]],[1,"t_rank",1,[[3,"88",36,36,false,1,1,-10,[9],10],[4,8,40,20,10,100,-11],[5,2,-12,[4,4279767568]]],[2,"d1fwYaJR5FxarhupwhcOPK",-9],[5,40,49.36],[-265,0,0,0,0,0,1,1,1,1]],[6,"t_score",1,[[3,"99999999",32,32,false,1,1,-14,[11],12],[5,2,-15,[4,4279767568]],[13,32,40,30,20,10,100,-16]],[2,"94tt5bwx1ErZl3CG9+0dTL",-13],[5,132,44.32],[0,1,0.5],[295,0,0,0,0,0,1,1,1,1]],[6,"t_name",1,[[3,"名字",28,28,false,1,1,-18,[6],7],[5,2,-19,[4,4279767568]]],[2,"c0tUyoeWlJPaKXWUky8sAG",-17],[5,60,39.28],[0,0,0.5],[-140,0,0,0,0,0,1,1,1,1]],[7,"bg",1,[[9,1,0,-20,[0],1],[8,45,900,80,-21]],[0,"b0OcWRkE5D/KT1wwiOssIR",1,0],[5,650,80]],[7,"img_me",1,[[9,1,0,-22,[2],3],[8,45,900,80,-23]],[0,"110f5UQH1O7r6v3q0U2Ha4",1,0],[5,650,80]],[1,"img_head",1,[[14,0,-24,[4],5],[4,8,100,20,10,100,-25]],[0,"7252Fy4b9Nd6ATHb6K800H",1,0],[5,60,60],[-195,0,0,0,0,0,1,1,1,1]],[1,"img_rank",1,[[15,-26,[8]],[4,8,40,20,10,100,-27]],[0,"20Hi4sGtdBkbR3mfgF1oEG",1,0],[5,22,31],[-274,0,0,0,0,0,1,1,1,1]]],0,[0,1,1,0,-1,5,0,-2,6,0,-3,7,0,-4,4,0,-5,8,0,-6,2,0,-7,3,0,1,2,0,0,2,0,0,2,0,0,2,0,1,3,0,0,3,0,0,3,0,0,3,0,1,4,0,0,4,0,0,4,0,0,5,0,0,5,0,0,6,0,0,6,0,0,7,0,0,7,0,0,8,0,0,8,0,5,1,27],[0,0,0,0,0,0,0,0,0,0,0,0,0],[-1,3,-1,3,-1,3,-1,4,-1,-1,4,-1,4],[0,3,0,4,0,5,0,2,0,0,2,0,2]]]]