[1,["86FosMEWxPDbXE7lvyEzNp","83L/X9y8tEDaVyoFJNbedQ"],["value"],[["cc.AnimationClip",["_name","_duration","wrapMode","curveData"],0,11]],[[0,0,1,2,3,4]],[[0,"GuideDragLayer",4.716666666666667,2,[{},"paths",11,[{"add1":{"props":{"active":[{"frame":0,"value":false},{"frame":2.5166666666666666,"value":true},{"frame":4.716666666666667,"value":false}]}},"Role2":{"props":{"position":[{"frame":0,"value":[-150,50,0]},{"frame":1,"value":[50,50,0]},{"frame":2.2,"value":[50,50,0]},{"frame":3.5,"value":[-150,50,0]}]}},"手指1":{"props":{"active":[{"frame":0,"value":true},{"frame":1,"value":false},{"frame":2.2,"value":true}],"position":[{"frame":0,"value":[5.374,-362.27,0]},{"frame":2.15,"value":[5.374,-362.27,0]},{"frame":2.2,"value":[-161.208,-351.523,0]}]}},"手指2":{"props":{"active":[{"frame":0,"value":false},{"frame":1.25,"value":true}]}},"atknode/img_attack_down":{"props":{"active":[{"frame":0,"value":false},{"frame":1.2833333333333334,"value":true}]}},"Role2/node/body/mouth":{"props":{"width":[{"frame":1.3166666666666667,"value":30},{"frame":1.8666666666666667,"value":100},{"frame":2.216666666666667,"value":100},{"frame":3.5,"value":300}]}}},"node/btn_right",11,[{},"comps",11,[{},"cc.Sprite",11,[{},"spriteFrame",12,[[[{"frame":0},"value",6,0],[{"frame":1},"value",6,1]],11,11]]]],"node/btn_left",11,[{},"comps",11,[{},"cc.Sprite",11,[{},"spriteFrame",12,[[[{"frame":0},"value",6,2],[{"frame":2.216666666666667},"value",6,3]],11,11]]]]]]]],0,0,[0,0,0,0],[0,0,0,0],[0,1,1,0]]