[1,["ecpdLyjvZBwrvm+cedCcQy","83L/X9y8tEDaVyoFJNbedQ","86FosMEWxPDbXE7lvyEzNp","13f126586","55NNX3fsZMuLqGYpr9Xu3j","e7sC2EgX5E/YlzMinzlC0d","70vzj+wUpDCYqBarNpfDPw","c4UiBFsvtEm6acFg81Lqqw","eccT3XVedFS79oo7WtM4lz","1f90ae399","27OYFdL4xBsJA+GoairouR","05jApQ7d1EaIRERIimgN9Y","6aCUv5159DKLfgdBtag+cm","f7LI4U5T5FQp+pDLeqza+l","43BmqJGSRBpoQpF9m0TWh2","15lg0XXDtPuKc3+rLysQJe","d8us3ZnL9Mnr5C91NNusj+","77rRGcvfdDxLswK5qRrZ0W","46FWiU0d1Nj5hhcpBqTO3m","54vC5F5BhLG65EflQBKpvv","58WSKjpTtASLJBpPs0KjiE","3a0RIegvZNdLFcXPnNL929","5cThlhiL9PbYbnan+7ntyL","cfj4tysghJT4t+it7p82Ov","3enXPTEM1AOK1mmwAQwAEX","14fvDxDb1JVb8qgyzo5B7p","a9BtOTCAlHxpHftxLPHuBk"],["node","_spriteFrame","root","_parent","_textureSetter","normalSpriteFrame","touchSpriteFrame","_N$file","data","_defaultClip","MoreGameLayer"],[["cc.Node",["_name","_objFlags","_groupIndex","_active","_prefab","_parent","_contentSize","_components","_trs","_anchorPoint","_color","_children","_eulerAngles"],-1,4,1,5,9,7,5,5,12,5],["cc.Node",["_name","_active","_children","_components","_prefab","_trs","_contentSize","_parent","_anchorPoint"],1,2,9,4,7,5,1,5],"cc.SpriteFrame",["cc.Widget",["_alignFlags","_bottom","_left","_right","_originalWidth","_originalHeight","node"],-3,1],["cc.Sprite",["_sizeMode","_type","_isTrimmedMode","node","_materials","_spriteFrame"],0,1,3,6],["cc.PrefabInfo",["fileId","root","asset"],2,1,1],["cc.Label",["_string","_lineHeight","_N$horizontalAlign","_N$verticalAlign","_isSystemFontUsed","_fontSize","_styleFlags","node","_materials","_N$file"],-4,1,3,6],["cc.Button",["zoomScale","node"],2,1],["cc.Prefab",["_name"],2],["cc.Animation",["playOnLoad","node","_clips","_defaultClip"],2,1,3,6],["68134te5KVPTIY4xwbCHdbz",["node","MoreGameLayer"],3,1,6],["276b9ibrLxN8Jcv0CidKIPC",["maxTime","shareTags","node","colorNormal","colorRecording"],1,1,5,5],["9d612hmZBxCRYuDcY87m2Cj",["node"],3,1],["d9902QS5OJK75acAFYAbYkP",["node"],3,1],["cc.PolygonCollider",["node","points"],3,1,12],["9dea7RYgOlOb5o28X1zS+Vg",["node","normalSpriteFrame","touchSpriteFrame"],3,1,6,6],["b9c32V7BKZAHJWDsgbbSoif",["node"],3,1]],[[5,0,1,2,2],[5,0,1,2],[4,3,4,5,1],[0,0,1,5,7,4,6,9,8,3],[0,0,5,7,4,6,8,2],[4,1,0,3,4,5,3],[0,0,5,7,4,6,9,8,12,2],[1,0,7,2,3,4,5,2],[7,0,1,2],[14,0,1,1],[15,0,1,2,1],[0,0,5,7,4,10,6,8,2],[7,1,1],[3,0,6,2],[3,0,1,6,3],[0,0,5,7,4,6,2],[0,0,1,5,7,4,6,8,3],[0,0,1,5,7,4,6,3],[1,0,1,2,3,4,6,5,3],[1,0,2,3,4,6,5,2],[1,0,7,2,3,4,6,5,2],[4,0,3,4,5,2],[4,1,0,2,3,4,5,4],[3,0,4,5,6,4],[6,0,5,1,6,2,3,7,8,7],[8,0,2],[0,0,11,4,6,2],[0,0,2,5,4,3],[0,0,5,7,4,6,9,8,2],[0,0,3,5,7,4,6,9,8,3],[0,0,2,5,7,4,10,6,3],[0,0,5,7,4,8,2],[0,0,3,5,7,4,6,3],[1,0,2,3,4,5,2],[1,0,1,7,2,3,4,6,5,3],[1,0,7,2,3,4,6,8,5,2],[5,1,2,1],[9,0,1,2,3,2],[10,0,1,1],[11,0,1,2,3,4,3],[12,0,1],[3,0,2,1,6,4],[3,0,3,1,6,4],[13,0,1],[16,0,1],[6,0,1,4,2,3,7,8,9,6],[6,0,5,1,4,2,3,7,8,9,7]],[[[{"name":"ui_pause","rect":[373,560,73,64],"offset":[0.5,-5],"originalSize":[84,74],"rotated":1,"capInsets":[0,0,0,0]}],[2],0,[0],[4],[3]],[[{"name":"img_tips","rect":[310,598,20,20],"offset":[0,0],"originalSize":[20,20],"capInsets":[0,0,0,0]}],[2],0,[0],[4],[9]],[[{"name":"ui_dinwei","rect":[248,536,33,63],"offset":[0.5,0],"originalSize":[46,71],"capInsets":[0,0,0,0]}],[2],0,[0],[4],[3]],[[{"name":"ui22","rect":[289,328,144,84],"offset":[0,-3.5],"originalSize":[144,93],"capInsets":[29,0,105,0]}],[2],0,[0],[4],[3]],[[[25,"GameLayer"],[26,"GameLayer",[[-2,[27,"node_map",1,-4,[0,"953pqKj+lJfp7bSWPrPRAl",-3,0]],-5,-6,-7,-8,-9,-10,-11],1,4,1,1,1,1,1,1,1],[36,-1,0],[5,750,1334]],[18,"MoreGameWXNode",false,[-16,-17,-18,-19,-20],[[37,true,-13,[35],34],[38,-14,36],[12,-15]],[1,"fd6QLHoBNMeqMMKwiXpvc4",-12],[5,120,120],[85,-356.142,0,0,0,0,1,1,1,1]],[18,"TTRecordNode",false,[-25,-26,-27,-28],[[39,15,["游戏"],-22,[4,4294967295],[4,4294967295]],[5,1,0,-23,[10],11],[12,-24]],[1,"3aXGLOhm1CdrTt2TnjmFBe",-21],[5,100,80],[-100,-400,0,0,0,0,1,1,1,1]],[19,"DYFocusOn",[-31],[[40,-30]],[1,"66lGqb/zVEJpP1TcIveaaI",-29],[5,150,80],[80,-325,0,0,0,0,1,1,1,0]],[7,"ui_tl",1,[-33,-34,4,2,-35],[[13,9,-32]],[0,"4aVRDd+w9LOrFkl2bJTSZ1",1,0],[-375,667,0,0,0,0,1,1,1,1]],[33,"node",[-37,-38,-39,-40,-41],[[41,12,200,250,-36]],[0,"21FpSi7uFJwr3benMDgqrE",1,0],[200,250,0,0,0,0,1,1.3,1.3,1]],[34,"btn_ok",false,4,[-43,-44,-45,-46],[[8,0.9,-42]],[1,"88gXgbHChNKI35+Fr6SPIH",4],[5,150,80],[0,0,0,0,0,0,1,1,1,0]],[19,"btn_attack",[-49,-50,-51],[[8,0.95,-47],[42,36,15,135,-48]],[0,"2cngsUwAFMOqK3h1zeRZOL",1,0],[5,230,230],[-130,250,0,0,0,0,1,1,1,0]],[28,"WXCustomAdOne",5,[[5,1,0,-53,[37],38],[43,-54]],[1,"4b8fASPcBE3r+9nmVF3Miy",-52],[5,115,150],[0,0,1],[0,-500,0,0,0,0,1,1,1,1]],[7,"ui_br",1,[8,-56],[[13,36,-55]],[0,"29C+SaeAVLmai2EfjV94Yr",1,0],[375,-667,0,0,0,0,1,1,1,1]],[6,"btn_left",6,[[2,-57,[49],50],[9,-58,[[[0,0,100],[0,0,0],[0,100,0],[0,100,100]],8,8,8,8]],[10,-59,51,52]],[0,"b0piLzP9xNgqFbwOfdhzM6",1,0],[5,93,93],[0,0,0],[-2,0,0,0,0,0.9238795325112867,0.38268343236508984,0.9,0.9,0],[1,0,0,135]],[6,"btn_right",6,[[9,-60,[[[0,0,100],[0,0,0],[0,100,0],[0,100,100]],8,8,8,8]],[2,-61,[53],54],[10,-62,55,56]],[0,"6clom8WFRGqZlYl/VCRSw7",1,0],[5,99,99],[0,0,0],[2,0,0,0,0,-0.3826834323650898,0.9238795325112867,0.9,0.9,0],[1,0,0,-45]],[6,"btn_top",6,[[9,-63,[[[0,0,100],[0,0,0],[0,100,0],[0,100,100]],8,8,8,8]],[2,-64,[57],58],[10,-65,59,60]],[0,"8dMmqL8etN17vSdSAuspyT",1,0],[5,93,93],[0,0,0],[0,2,0,0,0,0.3826834323650898,0.9238795325112867,0.9,0.9,0],[1,0,0,45]],[6,"btn_bottom",6,[[9,-66,[[[0,0,100],[0,0,0],[0,100,0],[0,100,100]],8,8,8,8]],[2,-67,[61],62],[10,-68,63,64]],[0,"73WNb43ZRCUYJnAYK9IbKV",1,0],[5,99,99],[0,0,0],[0,-2,0,0,0,-0.9238795325112867,0.38268343236508984,0.9,0.9,0],[1,0,0,-135]],[29,"WXCustomAdVertical3",false,1,[[5,1,0,-70,[65],66],[44,-71]],[1,"f1AyH5dUVHMauNpWVq/9t6",-69],[5,115,500],[0,1,0.5],[375,180,0,0,0,0,1,1,1,1]],[30,"bg",1,1,[[5,1,0,-72,[0],1],[23,45,750,1700,-73]],[0,"2fIhhz6R1HmrJKaKntFlX1",1,0],[4,4289638062],[5,750,1334]],[7,"ui_tr",1,[3],[[14,33,375,-74]],[0,"d980ouZltNiKOMdQMaojrh",1,0],[375,667,0,0,0,0,1,1,1,1]],[20,"btn_pause",5,[-76],[[8,0.95,-75]],[0,"23SXeLtiJI2oZyGucFrFSO",1,0],[5,100,100],[75,-90,0,0,0,0,1,1,1,0]],[35,"ui22",5,[-78],[[5,1,0,-77,[16],17]],[0,"70gJTptSVI7rEQWSH05YQQ",1,0],[5,150,84],[0,0,0.5],[-5,-220,0,0,0,0,1,1,1,1]],[11,"t_weapon_length",19,[[45,"888",60,false,1,1,-80,[14],15]],[1,"3fOgYUvu1POZfT1e73gQwZ",-79],[4,4279846371],[5,70.68,75.6],[89,5,0,0,0,0,1,1,1,1]],[15,"game_operate3",8,[[21,0,-81,[39],40],[23,45,186,186,-82]],[0,"9bDHrJyKxFzb2joGVx3hbA",1,0],[5,230,230]],[20,"btn_camera",10,[-84],[[8,0.95,-83]],[0,"36OoP1ig1ILYlgEPgZAuSd",1,0],[5,100,100],[-75,710.362,0,0,0,0,1,1,1,0]],[7,"ui_bl",1,[6],[[13,12,-85]],[0,"aeM4NASvpLSpNd5nxChWzI",1,0],[-375,-667,0,0,0,0,1,1,1,1]],[15,"game_operate3",6,[[21,0,-86,[47],48],[12,-87]],[0,"79lkG9lAhNlYzHzopdduj4",1,0],[5,260,260]],[4,"camera_move_node",1,[[14,45,400,-88]],[0,"26J5B3sfJCE7E5r3EJKKPF",1,0],[5,750,934],[0,200,0,0,0,0,1,1,1,1]],[16,"img_video",512,3,[[2,-89,[2],3]],[1,"9ewrOxz9hCW6jaCRqpEBUC",3],[5,60,37],[0,14,0,0,0,0,1,1,1,1]],[16,"t_msg",512,3,[[46,"录制中",24,24,false,1,1,-90,[4],5]],[1,"3agVZOFZJC6Lgc48biNGBH",3],[5,72,30.24],[0,-20,0,0,0,0,1,1,1,1]],[17,"img_share",512,3,[[2,-91,[6],7]],[1,"f39UzaEgtNI5wOAV/knAwG",3],[5,40,40]],[4,"img_red",3,[[2,-92,[8],9]],[1,"a42mzT3opDFYMw7dvh5f59",3],[5,28,28],[0,24.377,0,0,0,0,1,1,1,1]],[4,"img",18,[[2,-93,[12],13]],[0,"dfdOci3mxLbY9U5lu3/unF",1,0],[5,73,64],[0,0,0,0,0,0,1,1,1,0]],[3,"checkmark",512,7,[[22,1,0,false,-94,[18],19]],[1,"c2xiM73X5I6JRfwlYtk+94",4],[5,150,40],[0,0.5,0],[0,-1,0,0,0,0,1,1,1,1]],[3,"checkmark",512,7,[[22,1,0,false,-95,[20],21]],[1,"da31j0L3dDs4oTZCge8+sa",4],[5,150,40],[0,0.5,0],[0,1,0,0,0,0,1,1,-1,1]],[11,"label",7,[[24,"关注抖音",24,30,1,1,1,-96,[22]]],[1,"e6xqvupiJNSI6YzKfL+NBX",4],[4,4278518015],[5,96,37.8],[0,15,0,0,0,0,1,1,1,1]],[11,"label",7,[[24,"看教学视频",24,30,1,1,1,-97,[23]]],[1,"89Ayi71dlAh534C0omDNTg",4],[4,4287758504],[5,120,37.8],[0,-15,0,0,0,0,1,1,1,1]],[17,"moregamebg",512,2,[[2,-98,[24],25]],[1,"5cpL3NtiFKi5ZwiiiQ+QO3",2],[5,89,68]],[3,"moregamegan",512,2,[[2,-99,[26],27]],[1,"8e0qDlXAZH4ZXhRMHLI+4Z",2],[5,41,71],[0,0.5,0],[0,6,0,0,0,0,1,1,1,1]],[3,"moregame2",512,2,[[2,-100,[28],29]],[1,"6d6fMY91hJGauiB0ICPxFf",2],[5,15,20],[0,0.5,0],[25,-11.547,0,0,0,0,1,1,1,1]],[3,"moregame1",512,2,[[2,-101,[30],31]],[1,"38poxy/z1BIqx4cGa/WpqR",2],[5,15,20],[0,0.5,0],[-25,-11.547,0,0,0,0,1,1,1,1]],[3,"moregamename",512,2,[[2,-102,[32],33]],[1,"33iSXXIbBNqruQUgZgzoRo",2],[5,117,36],[0,0.5,0],[0,-48.27,0,0,0,0,1,1,1,1]],[31,"ui_tm",1,[[14,17,375,-103]],[0,"afWqymR3hNVYWvyUatxTKm",1,0],[0,667,0,0,0,0,1,1,1,1]],[4,"img_attack_up",8,[[2,-104,[41],42]],[0,"70Ra0ZZd1H2a9jNqMwBAtN",1,0],[5,93,95],[0,0,0,0,0,0,1,1,1,0]],[4,"img_attack_down",8,[[2,-105,[43],44]],[0,"9eF0sHP2lJC5O+jVMESQ6c",1,0],[5,103,106],[0,0,0,0,0,0,1,1,1,0]],[32,"ui_dinwei",false,22,[[2,-106,[45],46]],[0,"d5xiu0pL9IM7v0vSis8LRo",1,0],[5,33,63]]],0,[0,2,1,0,-1,16,0,2,1,0,3,1,0,-3,25,0,-4,17,0,-5,5,0,-6,40,0,-7,10,0,-8,23,0,-9,15,0,2,2,0,0,2,0,0,2,0,0,2,0,-1,35,0,-2,36,0,-3,37,0,-4,38,0,-5,39,0,2,3,0,0,3,0,0,3,0,0,3,0,-1,26,0,-2,27,0,-3,28,0,-4,29,0,2,4,0,0,4,0,-1,7,0,0,5,0,-1,18,0,-2,19,0,-5,9,0,0,6,0,-1,24,0,-2,11,0,-3,12,0,-4,13,0,-5,14,0,0,7,0,-1,31,0,-2,32,0,-3,33,0,-4,34,0,0,8,0,0,8,0,-1,21,0,-2,41,0,-3,42,0,2,9,0,0,9,0,0,9,0,0,10,0,-2,22,0,0,11,0,0,11,0,0,11,0,0,12,0,0,12,0,0,12,0,0,13,0,0,13,0,0,13,0,0,14,0,0,14,0,0,14,0,2,15,0,0,15,0,0,15,0,0,16,0,0,16,0,0,17,0,0,18,0,-1,30,0,0,19,0,-1,20,0,2,20,0,0,20,0,0,21,0,0,21,0,0,22,0,-1,43,0,0,23,0,0,24,0,0,24,0,0,25,0,0,26,0,0,27,0,0,28,0,0,29,0,0,30,0,0,31,0,0,32,0,0,33,0,0,34,0,0,35,0,0,36,0,0,37,0,0,38,0,0,39,0,0,40,0,0,41,0,0,42,0,0,43,0,8,1,2,3,5,3,3,17,4,3,5,6,3,23,8,3,10,106],[0,0,0,0,0,0,0,0,0,0,0,0,0,0,0,0,0,0,0,0,0,0,0,0,0,0,0,0,0,0,0,0,0,0,0,0,0,0,0,0,0,0,0,0,0,0,0,0,0,0,0,0,0,0,0,0,0,0,0,0,0,0,0,0,0,0,0],[-1,1,-1,1,-1,7,-1,1,-1,1,-1,1,-1,1,-1,7,-1,1,-1,1,-1,1,-1,-1,-1,1,-1,1,-1,1,-1,1,-1,1,9,-1,10,-1,1,-1,1,-1,1,-1,1,-1,1,-1,1,-1,1,5,6,-1,1,5,6,-1,1,5,6,-1,1,5,6,-1,1],[0,10,0,11,0,4,0,12,0,13,0,14,0,15,0,4,0,16,0,5,0,5,0,0,0,17,0,18,0,6,0,6,0,19,7,7,20,0,21,0,8,0,22,0,23,0,24,0,8,0,1,1,2,0,2,1,2,0,1,1,2,0,2,1,2,0,25]],[[{"name":"tt_img1","rect":[1,1,139,68],"offset":[0,0],"originalSize":[141,70],"capInsets":[44,21,44,21]}],[2],0,[0],[4],[26]]]]