[1,0,0,[["cc.EffectAsset",["_name","shaders","techniques"],0]],[[0,0,1,2,4]],[[0,"eazax-gaussian-blur-adjustable",[{"hash":3398122199,"record":null,"name":"eazax-gaussian-blur-adjustable|vs|fs","glsl3":{"vert":"\nprecision highp float;\nuniform CCGlobal {\n  mat4 cc_matView;\n  mat4 cc_matViewInv;\n  mat4 cc_matProj;\n  mat4 cc_matProjInv;\n  mat4 cc_matViewProj;\n  mat4 cc_matViewProjInv;\n  vec4 cc_cameraPos;\n  vec4 cc_time;\n  mediump vec4 cc_screenSize;\n  mediump vec4 cc_screenScale;\n};\nin vec3 a_position;\nin vec2 a_uv0;\nin vec4 a_color;\nout vec2 v_uv0;\nout vec4 v_color;\nvoid main () {\n  gl_Position = cc_matViewProj * vec4(a_position, 1);\n  v_uv0 = a_uv0;\n  v_color = a_color;\n}","frag":"\nprecision highp float;\nin vec2 v_uv0;\nin vec4 v_color;\nuniform sampler2D texture;\nuniform Properties {\n  vec2 size;\n  float radius;\n};\nconst float MAX_DIAMETER = 100.0;\nvec4 getBlurColor (vec2 uv, float radius) {\n  vec4 color = vec4(0);\n  float sum = 0.0;\n  float diameter = radius * 2.0;\n  for (float r = 0.0; r <= MAX_DIAMETER; r++) {\n    if (r > diameter) break;\n    float _r = r - radius;\n    float x = uv.x + _r / size.x;\n    if (x < 0.0 || x > 1.0 ) continue;\n    for (float c = 0.0; c <= MAX_DIAMETER; c++) {\n      if (c > diameter) break;\n      float _c = c - radius;\n      float y = uv.y + _c / size.y;\n      if (y < 0.0 || y > 1.0 ) continue;\n      vec2 target = vec2(x, y);\n      float weight = (radius - abs(_r)) * (radius - abs(_c));\n      color += texture2D(texture, target) * weight;\n      sum += weight;\n    }\n  }\n  color /= sum;\n  return color;\n}\nvoid main () {\n  vec4 color = v_color;\n  color *= texture(texture, v_uv0);\n  if (radius > 0.0){\n    float _radius = radius > MAX_DIAMETER / 2.0 ? MAX_DIAMETER / 2.0 : radius;\n    color = getBlurColor(v_uv0, _radius);\n  }\n  color.a *= v_color.a;\n  gl_FragColor = color;\n}"},"glsl1":{"vert":"\nprecision highp float;\nuniform mat4 cc_matViewProj;\nattribute vec3 a_position;\nattribute vec2 a_uv0;\nattribute vec4 a_color;\nvarying vec2 v_uv0;\nvarying vec4 v_color;\nvoid main () {\n  gl_Position = cc_matViewProj * vec4(a_position, 1);\n  v_uv0 = a_uv0;\n  v_color = a_color;\n}","frag":"\nprecision highp float;\nvarying vec2 v_uv0;\nvarying vec4 v_color;\nuniform sampler2D texture;\nuniform vec2 size;\nuniform float radius;\nconst float MAX_DIAMETER = 100.0;\nvec4 getBlurColor (vec2 uv, float radius) {\n  vec4 color = vec4(0);\n  float sum = 0.0;\n  float diameter = radius * 2.0;\n  for (float r = 0.0; r <= MAX_DIAMETER; r++) {\n    if (r > diameter) break;\n    float _r = r - radius;\n    float x = uv.x + _r / size.x;\n    if (x < 0.0 || x > 1.0 ) continue;\n    for (float c = 0.0; c <= MAX_DIAMETER; c++) {\n      if (c > diameter) break;\n      float _c = c - radius;\n      float y = uv.y + _c / size.y;\n      if (y < 0.0 || y > 1.0 ) continue;\n      vec2 target = vec2(x, y);\n      float weight = (radius - abs(_r)) * (radius - abs(_c));\n      color += texture2D(texture, target) * weight;\n      sum += weight;\n    }\n  }\n  color /= sum;\n  return color;\n}\nvoid main () {\n  vec4 color = v_color;\n  color *= texture2D(texture, v_uv0);\n  if (radius > 0.0){\n    float _radius = radius > MAX_DIAMETER / 2.0 ? MAX_DIAMETER / 2.0 : radius;\n    color = getBlurColor(v_uv0, _radius);\n  }\n  color.a *= v_color.a;\n  gl_FragColor = color;\n}"},"builtins":{"globals":{"blocks":[{"name":"CCGlobal","defines":[]}],"samplers":[]},"locals":{"blocks":[],"samplers":[]}},"defines":[],"blocks":[{"name":"Properties","binding":0,"members":[{"name":"size","type":14,"count":1},{"name":"radius","type":13,"count":1}],"defines":[]}],"samplers":[{"name":"texture","type":29,"count":1,"binding":30,"defines":[]}]}],[{"passes":[{"program":"eazax-gaussian-blur-adjustable|vs|fs","blendState":{"targets":[{"blend":true}]},"rasterizerState":{"cullMode":0},"properties":{"size":{"type":14,"value":[500,500],"editor":{"tooltip":"节点尺寸"}},"radius":{"type":13,"value":[20],"editor":{"tooltip":"模糊半径（单位：像素）"}}}}]}]]],0,0,[],[],[]]