[1,0,0,[["cc.EffectAsset",["_name","shaders","techniques"],0]],[[0,0,1,2,4]],[[0,"eazax-sine-wave",[{"hash":3160224913,"record":null,"name":"eazax-sine-wave|vs|fs","glsl3":{"vert":"\nprecision highp float;\nuniform CCGlobal {\n  mat4 cc_matView;\n  mat4 cc_matViewInv;\n  mat4 cc_matProj;\n  mat4 cc_matProjInv;\n  mat4 cc_matViewProj;\n  mat4 cc_matViewProjInv;\n  vec4 cc_cameraPos;\n  vec4 cc_time;\n  mediump vec4 cc_screenSize;\n  mediump vec4 cc_screenScale;\n};\nin vec3 a_position;\nin vec4 a_color;\nin vec2 a_uv0;\nout vec4 v_color;\nout vec2 v_uv0;\nvoid main () {\n  gl_Position = cc_matViewProj * vec4(a_position, 1);\n  v_color = a_color;\n  v_uv0 = a_uv0;\n}","frag":"\nprecision highp float;\nuniform CCGlobal {\n  mat4 cc_matView;\n  mat4 cc_matViewInv;\n  mat4 cc_matProj;\n  mat4 cc_matProjInv;\n  mat4 cc_matViewProj;\n  mat4 cc_matViewProjInv;\n  vec4 cc_cameraPos;\n  vec4 cc_time;\n  mediump vec4 cc_screenSize;\n  mediump vec4 cc_screenScale;\n};\nin vec4 v_color;\nin vec2 v_uv0;\nuniform sampler2D texture;\nuniform Properties {\n  float amplitude;\n  float angularVelocity;\n  float frequency;\n  float offset;\n  bool toLeft;\n};\nvoid main () {\n  vec4 color = v_color;\n  color *= texture(texture, v_uv0);\n  if(color.a == 0.0) discard;\n  float y = amplitude * sin((angularVelocity * v_uv0.x) + ((frequency * cc_time.x) * (toLeft ? 1. : -1.))) + offset;\n  if(v_uv0.y < y) discard;\n  gl_FragColor = color;\n}"},"glsl1":{"vert":"\nprecision highp float;\nuniform mat4 cc_matViewProj;\nattribute vec3 a_position;\nattribute vec4 a_color;\nattribute vec2 a_uv0;\nvarying vec4 v_color;\nvarying vec2 v_uv0;\nvoid main () {\n  gl_Position = cc_matViewProj * vec4(a_position, 1);\n  v_color = a_color;\n  v_uv0 = a_uv0;\n}","frag":"\nprecision highp float;\nuniform vec4 cc_time;\nvarying vec4 v_color;\nvarying vec2 v_uv0;\nuniform sampler2D texture;\nuniform float amplitude;\nuniform float angularVelocity;\nuniform float frequency;\nuniform float offset;\nuniform bool toLeft;\nvoid main () {\n  vec4 color = v_color;\n  color *= texture2D(texture, v_uv0);\n  if(color.a == 0.0) discard;\n  float y = amplitude * sin((angularVelocity * v_uv0.x) + ((frequency * cc_time.x) * (toLeft ? 1. : -1.))) + offset;\n  if(v_uv0.y < y) discard;\n  gl_FragColor = color;\n}"},"builtins":{"globals":{"blocks":[{"name":"CCGlobal","defines":[]}],"samplers":[]},"locals":{"blocks":[],"samplers":[]}},"defines":[],"blocks":[{"name":"Properties","binding":0,"members":[{"name":"amplitude","type":13,"count":1},{"name":"angularVelocity","type":13,"count":1},{"name":"frequency","type":13,"count":1},{"name":"offset","type":13,"count":1},{"name":"toLeft","type":1,"count":1}],"defines":[]}],"samplers":[{"name":"texture","type":29,"count":1,"binding":30,"defines":[]}]}],[{"passes":[{"program":"eazax-sine-wave|vs|fs","blendState":{"targets":[{"blend":true}]},"rasterizerState":{"cullMode":0},"properties":{"amplitude":{"type":13,"value":[0.05],"editor":{"tooltip":"振幅"}},"angularVelocity":{"type":13,"value":[10],"editor":{"tooltip":"角速度"}},"frequency":{"type":13,"value":[10],"editor":{"tooltip":"频率"}},"offset":{"type":13,"value":[0.5],"editor":{"tooltip":"偏距"}},"toLeft":{"type":1,"value":[true],"editor":{"type":"boolean","tooltip":"向左（方向）"}}}}]}]]],0,0,[],[],[]]