[1,["ecpdLyjvZBwrvm+cedCcQy","54+pJT005Mt4W+xtOcT/8k","d2lLfr84FCw6t6vUfIgJpP","55NNX3fsZMuLqGYpr9Xu3j","13f126586"],["node","root","_spriteFrame","data","_N$file","_textureSetter"],[["cc.Node",["_name","_prefab","_trs","_components","_contentSize","_parent","_children","_anchorPoint"],2,4,7,9,5,1,2,5],["cc.PrefabInfo",["fileId","root","asset"],2,1,1],["cc.Sprite",["_type","_sizeMode","node","_materials","_spriteFrame"],1,1,3,6],"cc.SpriteFrame",["cc.Prefab",["_name"],2],["cc.Button",["zoomScale","node"],2,1],["dfaa9bhX1hO+5Rj/QNjDX4v",["node"],3,1],["cc.Label",["_string","_fontSize","_lineHeight","_isSystemFontUsed","_N$horizontalAlign","_N$verticalAlign","node","_materials","_N$file"],-3,1,3,6]],[[1,0,1,2,2],[0,0,5,3,1,4,2,2],[4,0,2],[0,0,6,3,1,4,7,2,2],[0,0,5,6,1,2,2],[0,0,5,3,1,4,7,2,2],[5,0,1,2],[6,0,1],[1,1,2,1],[1,0,1,2],[7,0,1,2,3,4,5,6,7,8,7],[2,0,2,3,4,2],[2,1,2,3,4,2]],[[[[2,"CoinGoldNode"],[3,"CoinGoldNode",[-4],[[6,0.95,-2],[7,-3]],[8,-1,0],[5,240,70],[0,0,0.5],[0,0,0,0,0,0,1,1,1,0]],[4,"node",1,[-5,-6,-7],[0,"258KZMlblJ2bVJ0iRYvFVK",1,0],[30,0,0,0,0,0,1,1,1,1]],[1,"t_coin",2,[[10,"888888",32,32,false,1,1,-9,[4],5]],[9,"29nTWM9edMCLL2QGkarlA8",-8],[5,96,40.32],[120,0,0,0,0,0,1,1,1,1]],[5,"bg",2,[[11,1,-10,[0],1]],[0,"dcOZ2XCxdGyLJchHz+rlnY",1,0],[5,210,75],[0,0,0.5],[0,-4,0,0,0,0,1,1,1,1]],[1,"img_coin",2,[[12,0,-11,[2],3]],[0,"25IvOwrSFJ843rXxaLuh+H",1,0],[5,79,76],[5,0,0,0,0,0,1,1,1,1]]],0,[0,1,1,0,0,1,0,0,1,0,-1,2,0,-1,4,0,-2,5,0,-3,3,0,1,3,0,0,3,0,0,4,0,0,5,0,3,1,11],[0,0,0,0,0,0],[-1,2,-1,2,-1,4],[0,1,0,2,0,3]],[[{"name":"home4","rect":[534,274,210,75],"offset":[-2,-0.5],"originalSize":[214,82],"capInsets":[0,0,0,0]}],[3],0,[0],[5],[4]]]]